1,29.5735704301226,12.0416369329703,1.96640691904448,36.6535356801761,0,0,0,0,49.6501729605938,30.0431606666452,-50.8591131127589,-303.929105845098,50,0.1,0.00560446423561222,0.00210665183537364,0.0136582046862317,0.00665358564994959,0.00639674796155968,0.00187440620849072,1.95066038565379,1.31498666387377,5.10761597984066,2.71800162008377,100
2,31.1448753095832,33.7701953076495,13.4322567714107,13.7323946614192,0,0,0,0,17.8798192037305,40.6026511182958,188.320313422488,4.89671552792506,50,0.1,0.00393336879928274,0.00198331035158014,0.0308824456198887,0.00652381837712427,0.00624667129133217,0.00217296854536225,3.4497378443914,2.76052407654866,7.45504143622769,2.15540309352832,100
3,29.1220106814541,27.1656615822677,11.6281612646301,38.6519444911876,0,0,0,0,36.8974526203541,67.9487969085284,-72.1350972687948,-46.8957957863524,50,0.1,0.00317294511648334,0.000945169173648252,0.0316842833455818,0.0251338575315769,0.00965943764962901,0.0013711633379944,2.80085129673149,0.853705894426354,4.86536996722767,1.60645965127757,100
4,27.6334762730182,19.1829689903383,33.6822787956577,16.3171878331727,0,0,0,0,56.4730278891826,32.9442962757753,106.09907340127,-183.874436085137,50,0.1,0.0023224757593448,0.000331423535864637,0.0403346157290271,0.0256196835628743,0.00520578704852168,0.00453822470775896,0.484628849051768,0.271562798210421,4.75513800290156,3.74775288802783,100
5,37.6335005224688,25.5706009556583,28.1613882408977,1.78057806484299,0,0,0,0,0.846752966659551,23.1312108004846,-238.937433261411,178.135357228575,50,0.1,0.00769329070388941,0.00228505205685439,0.0103770957241875,0.00374626435178803,0.00746151247929675,0.00204788667211339,3.32498265740878,0.354313495144195,-2.40907160223983,-0.499247377387227,100
6,23.2647332233997,22.8294665430016,32.1471578964625,12.3169842128777,0,0,0,0,50.1531759643468,64.9097794134837,44.5678731284145,-36.6873549931282,50,0.1,0.00487518942447062,0.00310538035169631,0.030831270804454,0.0244723218339758,0.00589418676141213,0.000427010514960646,3.67917089103632,0.022664444898661,9.65428212207134,3.40605427989327,100
7,19.6973813186032,24.1426172148043,18.9151126692178,6.48420235413837,0,0,0,0,86.955228466877,42.31693460181,167.634263777604,77.6599916381899,50,0.1,0.00459743650651214,0.000332443016305921,0.0223852360304087,0.01409775941708,0.00748474657468037,0.00713278838910257,3.95914517848277,0.484781537929441,1.40375869735549,1.15844904249892,100
8,19.3090966984182,22.9712723703298,24.3683311307936,0.616188324418687,0,0,0,0,84.5853529129418,46.1912707669475,-271.195052642838,45.440190038914,50,0.1,0.00574329239607386,0.00450422947369112,0.0303153154254135,0.0022765839803532,0.00465716783656907,0.00210134378094543,1.78863311290413,0.0847045297316349,3.95666629433019,0.615335168467753,100
9,33.0988970557075,20.3841156026819,22.66656854393,26.859017591771,0,0,0,0,69.7702207542308,51.2152516405403,92.3635922522048,19.2051189542641,50,0.1,0.00221829156520724,0.00195704627770509,0.0222045076881531,0.0181294026742414,0.000839193311319213,0.00081292095929706,2.60797077615707,1.12577920547993,3.96153636202938,3.53930707130494,100
10,17.9762545859388,7.44738404360554,13.9811341313268,16.3714720653122,0,0,0,0,31.7291160094397,20.2357947854995,60.8088256990862,-126.793089232096,50,0.1,0.00504453267934387,0.00277110948184719,0.0206026227276719,0.00355352828732089,0.00793381220918191,0.000853297564021645,2.49485532966189,0.870690179644289,4.20028755773041,2.68117928184508,100
11,34.8212778187503,27.0618188988029,6.05287458307088,37.8024698026033,0,0,0,0,78.9264013518683,59.0087682281629,-179.769190640688,27.8022652764962,50,0.1,0.00464985803737204,0.00126683104992444,0.0305447530252449,0.0120414502539786,0.00654125972352437,0.0039205274681951,3.00842548673699,2.34786059150865,5.19294273182641,2.8650412113408,100
12,24.4740731674643,18.0250444672125,0.366841819257996,8.45727750344381,0,0,0,0,57.6699735958127,51.3578837179248,106.886669035902,109.666701814843,50,0.1,0.00762132281096064,0.000681231137217572,0.0254679512287595,0.0211789968250436,0.00437803384292799,0.00177184459730462,2.64577294956058,0.100641805208798,6.31326381989206,2.9914340393439,100
13,33.2096638789354,12.5331080207826,10.1854782655652,1.16924314701582,0,0,0,0,88.0530470077871,46.2408028630059,-94.0192441452179,21.2356392445019,50,0.1,0.00417158922123442,0.00252946280062417,0.0172804419771678,0.00215476737118144,0.00684116976926484,0.00386961443733943,2.04833819436917,1.73839848203945,8.59366987149656,1.341461459186,100
14,29.7557472089945,6.46432356040557,21.0666723172975,32.5361955203301,0,0,0,0,78.1394219679151,60.5237526590945,115.563743867919,71.0245389959093,50,0.1,0.00583358202628057,0.000389566373447884,0.0345004555267213,0.0226206694378303,0.00570961647219657,0.000407652400551084,2.52661873591604,0.116050325964917,5.89741568306386,3.43532604715436,100
15,43.6609797182791,16.5903333611251,49.7279143526478,12.6996483943761,0,0,0,0,84.5210400626433,40.6692470502345,14.9981425116727,231.563045531751,50,0.1,0.00286350972944572,0.00102558825208554,0.0373020682815635,0.0218893026354022,0.00385449487966376,0.00117613027366794,2.72308157276992,1.08579262108253,5.21064024003653,1.25131056479791,100
16,25.6008972545914,5.28830338626972,35.398877509295,9.57230332640661,0,0,0,0,11.1237314265079,46.5564717463744,-131.62950134672,-173.362094961801,50,0.1,0.00503556580172079,0.00148528272500244,0.0169621095621961,0.00943008301423634,0.00553103035202524,0.00147922203792682,3.0359469347279,1.91656884298979,6.12422926603758,4.84764030353349,100
17,30.1891981011449,32.6542726512347,9.54893593769233,9.30442560658203,0,0,0,0,76.7052736619209,39.7900280421326,-88.9544863905935,-193.093678154549,50,0.1,-2.51783046635503e-06,-1.08683881419396e-07,0.0135794921051423,0.0081446416287454,0.00313848248743899,0.000554300863205959,2.39305999397769,1.27131588801826,1.60989104798939,1.53208276380645,100
18,16.4917129622713,16.2300095191092,17.4959617749071,47.7313456881496,0,0,0,0,43.4979184942507,76.3676948892256,-171.045036859648,208.602576887996,50,0.1,0.00345842928423482,0.000513280838802943,0.0434566454877519,0.0292637754986806,0.00615450828454142,0.00242345963431555,5.42247317322726,2.88399456395219,4.52408951109347,1.95839258818728,100
19,28.919585334502,14.023679175065,25.4297611600124,11.5798625674561,0,0,0,0,89.6776861579851,71.4731112864721,13.904793470028,-2.02829430998342,50,0.1,0.00491256704910225,0.00036205312454993,0.0324691068002557,0.0303072934148223,0.00661234190658042,0.000302417243098535,0.900048596627355,0.107283637825863,4.89220552931149,1.79858948376208,100
20,19.5456248527618,9.73693540784806,25.3253484253083,0.110517830885534,0,0,0,0,66.0363481455622,7.30067091413439,-45.572100379076,21.8462955439652,50,0.1,0.00641030068953435,0.00340665385234147,0.0209813754680717,0.0171114503903639,0.00564600065463546,0.00337029776477625,0.944138734850193,0.897032914780064,1.88943348041098,0.942282974078523,100
21,28.7649344463513,29.3732398713959,19.8748130438384,28.5636875308496,0,0,0,0,70.4537180399551,66.573547638938,-353.38390139261,126.690110017814,50,0.1,0.00538466006307229,0.0039167899555035,0.00175371200797268,0.000892772668747655,0.00282422886549606,0.00155984384601812,2.93843319583496,2.70126262702103,4.36434240233823,1.72409075725759,100
22,28.3618307396384,14.7768892424581,30.1387814456578,26.9888655419028,0,0,0,0,85.8881255726118,106.28333663761,-16.2572999758982,-223.935160135384,50,0.1,0.00431669758217773,0.00110805956751114,0.0266512129064509,0.0220057498030525,0.00434937207645363,0.00220474663873655,1.22397343901509,0.869302471428567,5.97903300899345,0.0557535295777765,100
23,26.7954867498659,25.9847475469842,13.8428085761209,9.81225044767967,0,0,0,0,67.1891800346821,46.5266682370202,-54.3009629240397,114.395310639214,50,0.1,0.00649463775681697,0.00484394311989153,0.0274287220789256,0.0172895488606502,0.00422820235862005,0.000492575284085396,1.72113054427142,0.296645631655243,4.81290680099923,0.0835489523665453,100
24,29.8985572174923,30.6971332950119,1.73790223290239,13.615350789572,0,0,0,0,61.9075016315291,84.3021591832224,82.8655396504707,-37.5911603021756,50,0.1,0.00524828526545971,0.00450086411368522,0.0282536338654722,0.0205883528487515,0.00551045196605967,0.000767810428096213,2.82712156448052,1.66219479847687,3.353497812773,3.09989622179562,100
25,16.7788822936248,30.2075082444237,11.0927413161075,30.0032060721922,0,0,0,0,14.2777851299551,47.5645692918699,-150.944481864253,-337.353006540107,50,0.1,0.00729533691944974,0.000528325595789685,0.0138395140310556,0.0134731290211931,0.0028614162682823,0.000560925461977865,5.70923680869682,3.55687279333447,6.7774326373474,3.71055308770792,100
26,17.5720770228438,23.1840799506482,36.0140992353556,38.9901652598736,0,0,0,0,60.2407806658329,58.7572370000093,107.746295172632,-227.440619829677,50,0.1,0.00657292003320654,0.00463365515082626,0.0296692852687773,0.0119755331026723,0.0032455882748351,0.000248324717011072,1.95221726221408,0.143278976623957,8.23092495544357,3.38577418749352,100
27,27.6339964654139,30.9393334957174,24.066103540103,10.1684296665837,0,0,0,0,120.762193662676,71.3546904682777,-13.8955785484034,20.8817633203104,50,0.1,0.000773061111854201,0.000153880360650144,0.0199905947778216,0.00949359404323725,0.00599359617043825,0.00326573189721871,4.14415735728571,1.62215884780098,3.94606444321647,2.8675688870104,100
28,26.093600409207,28.7096373303004,4.29793908935937,31.0977617461765,0,0,0,0,101.728413149948,51.9389683284802,-111.03156335097,-38.1796831834791,50,0.1,0.00637775203414983,0.0024373340103625,0.0356612778852536,0.00307222928753243,0.0063269650960423,0.00041054487080307,4.20437386648895,3.86818860191814,5.1520193668212,1.18991819073828,100
29,11.3656931050659,32.5756118629658,39.4992294209321,6.66953766231688,0,0,0,0,20.6506639828057,60.9889342403493,-186.865480099736,-49.5731819194081,50,0.1,0.00358215687861005,0.00175806792122032,0.0154428006448863,0.0125376299265032,0.000790905757734352,0.000105737591494219,2.50605495181832,1.03410682712463,4.43524109864977,3.58731547147935,100
30,22.328467230811,41.615144177565,2.63736878796671,8.96278041538285,0,0,0,0,59.2755902376124,87.6278598033365,326.305467552925,133.934077582379,50,0.1,0.00651529736067046,0.00576869549726785,0.0261772295334171,0.0194887670441951,0.00353825220103089,0.00187165043260914,1.27862047454806,0.174200342864645,2.56462512153116,1.00709271799632,100
31,14.9110109640607,18.4431846207411,1.87220964297306,17.3128690433895,0,0,0,0,20.9807007336894,59.0392676538495,35.1071764360098,6.88858347108075,50,0.1,0.00525340109678794,0.0010905199012879,0.0420017290286178,0.00666809913839853,0.00588804087111182,0.000402112609460165,2.55963259750235,0.903330659171629,5.08236199831728,2.39392379629448,100
32,28.8103340056017,19.3472658875232,4.36191419555643,1.3168109668225,0,0,0,0,52.4051079997396,53.0296444709255,131.758870431319,243.716602267012,50,0.1,0.00509963887875244,0.000603603447350678,0.0448535456857053,0.0164198107576839,0.00247813255453827,8.99139843485996e-05,1.67536416905311,1.23605367365428,10.7518287966079,1.16083997015432,100
33,33.8277600438446,16.1904481403002,37.7407285431917,10.6862513222334,0,0,0,0,65.7290982553792,85.2609069364073,74.5802424766161,-352.730026064455,50,0.1,0.00264286421823618,0.000200037398117798,0.0342920092254048,0.00583016647301137,0.00285977888083399,3.65745283707068e-05,1.77914869070638,1.24539658031952,1.99777505278315,0.121706598690859,100
34,30.4273146682875,21.6831203759135,36.7397097730139,22.2653981385618,0,0,0,0,56.6848429185422,70.1267974790593,152.354817934222,-89.1586597949832,50,0.1,0.00629601767102969,0.00293418118254094,0.0342695559956178,0.00349578034020105,0.00346287564101998,0.00279805984449762,1.56982264580046,1.2788912103333,8.03668439183194,2.10930245148,100
35,18.9745768173061,18.6240494037404,24.1593151101588,28.9266181895205,0,0,0,0,30.6291713474682,84.2678307216686,104.745172426654,-19.5058857115772,50,0.1,0.00667740937792706,0.00574368227385193,0.0341539665186822,0.00696070378570476,0.0056354129722024,0.00158666834645723,1.69232564736058,1.03075852629503,7.17095242139303,1.19366217659327,100
36,14.4003671762768,23.1239110300237,19.2126211439531,7.23039654076619,0,0,0,0,28.7013906101907,-7.19836731182989,-158.907433441038,-145.970163958262,50,0.1,0.00248150370917994,0.00152783989726647,0.0177734322742892,0.0048627648099167,0.00774984373575312,0.006271985529122,3.12480675567184,1.33776190462739,6.7776046333714,3.7221480644021,100
37,14.632978650096,20.9672111868242,10.1754438229026,27.59705277244,0,0,0,0,61.3646365606064,80.2173977448655,49.0260878157898,-283.66734747701,50,0.1,0.0024298552149792,0.00238696887966835,0.0202794255366844,0.00298796889040914,0.0031375300279082,0.000474024234596903,4.11905501651773,0.880967312485615,6.41343458615138,0.873765482078212,100
38,16.7977503106183,25.8668655979888,28.4628739429109,4.71725863588104,0,0,0,0,64.8563173687222,53.9975649835723,-297.115297758196,76.6912516857366,50,0.1,0.00449887587321975,0.000135129411255098,0.0240367288308862,0.00430711462449331,0.00542055714800565,0.00290034849199648,1.56716713878914,0.0540318018115815,4.36314311233539,1.32356788060477,100
39,25.3036018685783,28.8480390327113,7.15089292226625,28.4095141799211,0,0,0,0,75.0958262983186,16.4781346882191,282.076996330656,601.208751311407,50,0.1,0.00460637818093389,0.0021843715511712,0.0136008765348343,0.00556833761637333,0.00725738850467548,0.00461083400867091,2.12579550767197,0.241639718088951,3.1601562565237,0.333371375493173,100
40,25.0262629952092,28.2400627191699,39.6918310311141,32.3686070273053,0,0,0,0,50.2487919943658,55.2593356979459,37.2554804215519,152.492860277567,50,0.1,0.00493451741947354,0.00116169074924989,0.0262581016466069,0.0089971107093498,0.00760281547712412,0.00137534707753346,2.70202180521525,0.310502257447006,1.06211199282632,0.299504946386418,100
41,23.657871296445,22.2339977512476,44.821018799398,35.7404766015934,0,0,0,0,17.8683938886446,45.971873696195,232.789496551298,-59.4052548942267,50,0.1,0.00406839195977423,0.000442747535005477,0.0138965855008236,0.00727375307305082,0.00155475061282482,0.000934294278660653,2.90014087774842,1.71673670177929,4.61359917134772,0.243538526412739,100
42,26.8329401704469,30.7475066327348,24.0941468316197,34.7056801108958,0,0,0,0,83.6738942067926,63.6410427064535,-201.808119189925,-309.504584197516,50,0.1,0.0067584434879004,0.00358665237714242,0.0433728288270375,0.0153204459972914,0.00610444231394626,0.00578116527485516,4.80394718823551,3.69544090263087,6.31100959678171,4.76263169584304,100
43,38.1487222134145,22.2667901799515,29.4192012456579,21.8024313109227,0,0,0,0,60.2618056263591,21.3241062127756,52.5339845347911,173.697787437731,50,0.1,0.00695540681841697,0.000404441169748775,0.0362097762447099,0.0215969572967333,0.00354413984041238,0.000294124094009836,4.66071510598784,0.53981412671633,2.3237885861039,0.765192145281282,100
44,19.4920624928214,14.2987672234722,6.62354123595351,24.3585727830139,0,0,0,0,46.0170876177324,55.8590167088401,-64.1808453102393,189.653799412101,50,0.1,0.00339867688051953,0.00150403474186372,0.0299313710458424,0.018335102706362,0.00786774339387989,0.00285634380127814,2.69809475536551,2.034014720774,4.08058172142274,3.0276859961699,100
45,27.435716736901,26.0160622458906,3.15748328021404,27.2461488595342,0,0,0,0,87.1392969869338,22.5108054095456,316.694291822087,247.61757797635,50,0.1,0.00715458275290184,0.00580632497986699,0.0205660254754112,0.00605384980957101,0.00856800752466988,0.0020982783950613,1.6063971095427,0.598924662824522,2.22330068362122,1.40841859941396,100
46,43.6345684522124,17.3905221783922,5.95096796737471,0.110615023635294,0,0,0,0,46.4038506222159,85.6374836590312,109.606986352778,224.049263094572,50,0.1,0.00376930518387034,0.00145287056664342,0.0361417756448408,0.0179201958127102,0.00856638772703269,0.00154532617159373,3.19391874719631,2.04820275883059,3.56545590385619,2.88838331458647,100
47,32.3516533724524,25.1370379106642,12.7482463507201,10.8968030663453,0,0,0,0,46.6058543830564,85.3213732473534,-237.152934013178,-24.3962890824019,50,0.1,0.00405709333682177,0.0026712895624329,0.00530468033326835,0.00107764783213381,0.0025656918968438,0.0015958089329586,3.97802972049713,2.87104382710485,5.55303183580504,1.66169969914448,100
48,29.6479798708397,31.1710251026759,16.244477452461,22.36800798643,0,0,0,0,26.1482751074782,22.5697954079526,-355.752118026325,93.5457753950071,50,0.1,0.00815754797083578,0.00114303919587758,0.027970274520561,0.0221808662778724,0.00431628274922019,0.00217477301906881,4.78874978173245,1.23861045720135,6.4846652893159,0.140483932370358,100
49,22.1344693109378,29.0135129201726,31.916242617635,21.4333842900148,0,0,0,0,64.5119652883074,67.5467501857028,-58.0024161937624,-197.94559928936,50,0.1,0.00712060505206931,0.00609969296692565,0.0229561412411634,0.00142426311921027,0.00556551926111682,0.00353574461518389,1.65374749720767,0.932754435345846,5.37169054809561,1.73047099495573,100
50,30.4199162988154,33.6376613501791,13.0187205801237,12.1708076620684,0,0,0,0,39.8631576020528,68.4110791657278,55.2479284964484,155.965356751871,50,0.1,0.00621522425770977,0.00355796330944635,0.0221272480924015,0.0170292795305908,0.00552998442492635,0.00284910549728124,2.194988539255,0.68070370518244,3.73568500154733,2.44668601539919,100
51,25.3454736526575,20.3448214173619,18.3579549859854,18.691165024456,0,0,0,0,50.0007153679457,68.3598778091111,80.5572777934173,101.042398965014,50,0.1,0.00581426126653349,0.00314229705569302,0.037583034642239,0.00496598704283687,0.00727962443615854,0.00405335112342223,4.97446695786128,0.645559920988211,5.91537364308551,3.82942905130861,100
52,29.8121979253527,24.3536419195195,18.2666918332524,16.4370758998313,0,0,0,0,50.9523352312267,104.292832508999,218.503927730453,-30.1357502172498,50,0.1,0.00601082705344643,0.00432049866995447,0.0431583125257097,0.0237308724073436,0.00267360896667132,0.000866179069000541,2.72141318249331,0.386683744576462,3.63895650899167,0.826056392348773,100
53,38.4016984276195,30.1254168770165,3.69205096573469,9.07054489797943,0,0,0,0,72.7811983747197,17.3302243782546,96.8321152990732,269.339070156024,50,0.1,0.00422772442748393,0.000873625889565177,0.0162727707520812,0.0117389690082246,0.00479368548718132,0.00239025941888192,3.01833795055563,1.15132958210101,3.24059779145433,3.20012584987117,100
54,23.323431652921,21.5452790436984,17.2699042494902,19.4830611895378,0,0,0,0,7.59164229679243,26.3523842199146,-131.012182518415,-188.740960259465,50,0.1,0.0091089464880977,0.0017407358560341,0.0353062242508404,0.00549577704108416,0.00563065570980092,0.0013573025567077,3.3054892587077,0.593701462779447,5.38847716810104,0.559810471388032,100
55,31.9916059441769,32.4158655527768,0.3634275058483,24.9809768470899,0,0,0,0,73.9193238406203,57.1082936742677,-231.748390877598,-53.9152729645966,50,0.1,0.00462046810408629,0.00394941589440614,0.0103838265511399,0.0070061542920428,0.00757918434711622,0.00413685640162784,1.73918712781303,1.19872777787964,2.7205166777908,0.318658488759116,100
56,22.3256664551298,25.1435406434483,15.0151445591418,22.0989766825858,0,0,0,0,67.7909154793962,82.4299471480605,-296.285528757135,299.312371255577,50,0.1,0.00706073551954353,0.00417342050862269,0.0342503785809592,0.00510715232587334,0.00435220940622308,0.00211472056047322,1.4308780899982,0.701591866147103,7.87450278396423,1.79048217468053,100
57,31.3048034804226,12.4644611730202,21.4654967613523,29.6738094867351,0,0,0,0,54.96709212158,45.1898149600364,-226.546777397222,222.96133935574,50,0.1,0.00350900381508277,0.000160980924695259,0.0323045210895739,0.0125269502177139,0.00767664707932079,0.00709898358385258,2.2319314061293,1.43813982807236,4.58364835675385,0.309658780412923,100
58,7.91472283944147,28.8375561245745,15.3227367483246,2.78680184548087,0,0,0,0,75.7349422242059,6.35373336106759,73.3707850914483,196.690766512908,50,0.1,0.0052178576559851,0.00227046409646274,0.017479783477184,0.00679744716865463,0.00110035693771119,0.000859265059172065,2.81384727773189,1.60134054380953,2.05932607277,0.288773401912055,100
59,9.83858728357789,20.534900965868,0.402047885896568,7.71096981626533,0,0,0,0,36.8720473668525,66.2875693068288,-250.016187719023,135.703231981603,50,0.1,0.00503216588092174,0.00271373077145717,0.022540394613324,0.0148316617769896,0.00585103181401382,0.00112727024486982,2.97589413064881,0.39532400562488,2.35652553201213,1.13748925160076,100
60,17.7701245654725,21.6791981484317,19.2867587272188,4.33750444209346,0,0,0,0,14.7902753705124,32.9695620489021,-47.6219283211814,-90.173933245463,50,0.1,0.00534607036057297,0.000141744570474859,0.0173478778490368,0.00643764445884532,0.00179437904878033,0.00032256543667682,2.08555949558248,1.79883120220302,5.53600737777095,5.3911965257348,100
61,16.3844359106422,13.8989850843887,25.8455952611648,20.2986036560476,0,0,0,0,68.9617507947403,74.9392910292353,84.4829656201038,8.73179653722921,50,0.1,0.00325903759515223,0.0015742932684427,0.0164230186339397,0.00150176458955121,0.00554244111394666,0.00427323730609394,3.30838642937657,1.59702842619576,8.48264280157797,2.69693855688288,100
62,20.0500199955843,25.1644040040577,7.15019011160386,6.72907172053973,0,0,0,0,62.0678842284791,31.4817477850622,134.842516585628,-141.23730572517,50,0.1,0.00625978114285164,0.000134763866516996,0.0151005529480172,0.0109323373084497,0.00453547734374104,0.00345113443487562,2.9680521956682,2.23875579546883,7.98141782710223,5.61523236363965,100
63,24.6255245938404,21.8280370488863,32.1396927823324,31.459487154144,0,0,0,0,38.7614483798884,91.8091535960436,89.4924626017325,135.523134194713,50,0.1,0.0013262488094612,3.07077639118578e-05,0.0209134574296392,0.0186725251983126,0.00742712855109505,0.00654359004862712,4.91211074572827,1.60497666795761,1.87342474786827,0.383132419496686,100
64,29.6052224016218,25.1863523348305,38.7005220454836,24.0263849453861,0,0,0,0,33.9458200138829,56.1058162638497,188.508238389403,73.6138015496916,50,0.1,0.0053804367482733,0.00417207310218859,0.0197184378795638,0.0178273897099702,0.0104754715126654,0.00403605921058193,2.92934910353937,0.321268581175423,2.58829077167278,0.15354321499148,100
65,18.4590908687582,7.02889019154903,27.0485157491239,7.16935450248078,0,0,0,0,20.2992347680239,54.7036203002352,-43.0821718876353,-360.406693036822,50,0.1,0.0065520037260443,0.00499681931977858,0.00870522579705465,0.00281911959340495,0.00822311207870494,0.00375522215263927,2.95228437958692,0.582438315028752,6.29431908342633,2.35476647199616,100
66,19.9093780508316,25.0856704820482,32.4552318749227,31.3019625593338,0,0,0,0,14.9432457951658,33.7862605969046,19.6454197788992,27.8780263965454,50,0.1,0.00711669412731273,0.00266859957018834,0.0111875343709795,0.00269907352957531,0.00489584031979447,0.000458931415371852,1.95220545693026,1.40451007422684,3.33616943060624,1.61443579799546,100
67,35.676037806329,20.3809047647752,37.323991607823,14.9978473672572,0,0,0,0,40.7298858506934,51.2711773221109,127.039830859101,-50.1277752474617,50,0.1,0.00161257099889924,8.39729607230657e-05,0.0271547387249124,0.00602793309518979,0.00440919292554109,0.00135027505753903,1.86530748092713,1.02175171181197,3.47521946578789,0.506428978119539,100
68,10.0748798548462,7.17732089250113,27.7243215520682,34.2959930428706,0,0,0,0,82.1377901549589,61.5806707011532,-247.02174709148,131.556764647648,50,0.1,8.62459361630355e-05,3.7100495095948e-05,0.0174690342785975,0.0116730655971114,0.00137440549822863,0.000416005977672111,3.5676096383425,2.58027054649328,5.40718909815333,0.310705685461122,100
69,17.4803304552434,21.7183777003195,7.2146346461872,12.2247094681958,0,0,0,0,54.8730949759774,49.2277444590507,-231.567866081091,162.586745870276,50,0.1,0.00537427584096747,0.00328555435123474,0.0301962262187378,0.00930263974987516,0.00703200384456294,0.00102321081602469,4.44979861424249,3.5917361322121,5.64993664000831,1.36660861453541,100
70,11.4929832557015,30.1470816873295,29.5861156586913,11.7682059112373,0,0,0,0,59.5428713715506,68.2538251073503,121.101163010551,-188.946343848787,50,0.1,0.00495198778344254,0.00206558832777008,0.0192822428709572,0.0029662543591802,0.00565843775029302,0.00214753706155494,1.71883107435676,0.0862633889917097,4.44292869264794,0.977931667260674,100
71,16.0509380480215,32.9243271236352,15.1401599118106,9.98507083224503,0,0,0,0,52.2166494163304,-10.5080233257374,100.569529353635,65.7244994097939,50,0.1,0.00181661645127799,0.000382216646017382,0.0230489676206237,0.00147544201588274,0.0070273503268862,0.00586897085546019,4.98516405801573,0.663600610300393,6.7277415697831,2.57605147146346,100
72,6.41699379639857,23.0503616926662,0.894430260411863,7.90245633704076,0,0,0,0,96.3302484809692,63.9490271597216,17.6328617175618,19.4168512762567,50,0.1,0.00601199475911167,0.0025733861586353,0.0266150355611119,0.00694081279007254,0.00407357355809953,0.00214216061170797,2.41977214933693,0.186682703284085,1.76555390235417,0.906387165210531,100
73,29.4270460714069,39.6715889443222,29.4572295152389,22.1395245624738,0,0,0,0,66.7055468679594,78.3508629673399,31.4158652889838,52.2279899200665,50,0.1,0.00541114385774286,0.00068601800939774,0.00706759058295696,0.00665150844477076,0.00465559383218914,0.000605533630361871,2.91573241384699,2.02976198252639,6.44882939030229,1.15654699065842,100
74,44.4399797653143,34.2760751968932,8.80057919633244,48.0478461800671,0,0,0,0,85.2530144364892,41.0408658249513,-3.12904922269891,-26.8038051482701,50,0.1,0.00572192230231615,0.00296680378643173,0.0185854421128698,0.0123893404060334,0.00264385392058243,0.000287187748517453,4.2337538796723,1.56474389260033,9.00158555736777,5.80488181058697,100
75,19.2258972617024,19.6540831390291,12.0837663123562,19.077215100318,0,0,0,0,57.8479533012277,36.3083375457481,20.414912556896,10.0509789790788,50,0.1,0.00215606969695873,0.00135596020386758,0.00641222251834995,0.00421412261639204,0.00465394112990271,0.0018588458352164,3.50376597831626,0.123789895151422,7.77955466652729,1.92279405872665,100
76,16.4848227988905,25.5625469589837,38.3053930307437,22.8087265090063,0,0,0,0,77.297808820103,55.0541263076307,-402.453247143856,180.947004743161,50,0.1,0.00531860949071415,0.00412910268718906,0.026356025195181,0.0200398119588028,0.00381859151454733,0.00163713824622543,1.10319638064219,0.875132185555127,3.23482016905619,3.01607214522087,100
77,27.5914217429842,11.3371361510565,15.6844151050459,18.1060750911532,0,0,0,0,15.6941169638442,67.2705206467473,200.406206305183,-463.244428716687,50,0.1,0.00563256620118366,0.0035356031555423,0.0212688454768362,0.00266327502762811,0.00816804661553925,0.00396140641029414,3.03739333783541,0.587760277685698,5.39884077211154,0.895107384404363,100
78,27.5959683718673,30.2788698004483,7.71066709918776,30.1773740638105,0,0,0,0,39.4023687133368,74.4147807188656,-291.494437524395,-96.6174446355949,50,0.1,0.00824816886542791,0.00409525246257744,0.0114273381659909,0.00299027650495633,0.00740354101277165,0.00594313610775389,2.41605614032624,0.084250712362934,4.93946629664531,0.869746934960694,100
79,23.7510544680076,17.6508673782378,27.5688665066159,7.2904078190866,0,0,0,0,61.2915730039929,63.5995956466758,100.638092057719,-59.9630676495724,50,0.1,0.00212349584631723,0.00202697102302421,0.0276226784205561,0.00661750796996385,0.00514949605169728,0.00104377161053543,2.13797046157044,1.42160641789215,5.35849157050358,1.26753044637484,100
80,23.28929482807,19.4078038763275,4.52497576985446,11.0345045472188,0,0,0,0,64.508313268224,17.8715456629408,-59.7046399933645,-132.971942162254,50,0.1,0.00593139096904719,0.00233551076688816,0.0424434320360494,0.0151432454992871,0.00265835878604955,0.00144364031887248,3.60052311682763,1.59191558852534,6.15942767237618,4.04346659111556,100
81,26.582254698611,26.5618836381891,14.4695218673929,26.3041323650583,0,0,0,0,11.4921177827541,100.769948018332,-51.4639446897785,-44.4799127096609,50,0.1,0.000204604858110851,0.000129159273960674,0.0297102975678918,0.0199529495694558,0.00728037771160918,0.00670353802126621,4.07071044859366,2.09865619732303,5.6240207301797,0.585190293089732,100
82,21.4689844383511,15.4305833836722,2.66341023937132,16.3007932412451,0,0,0,0,69.0214656018952,97.7155822199399,-41.3737033623975,42.7029388348596,50,0.1,0.00470160133831296,0.000582385313307274,0.0407475496083487,0.0133112781556496,0.00377346333601728,0.000983542610596734,2.66726949569189,2.46993202714002,8.48400322212709,2.60531307563268,100
83,19.3886308183998,15.2277798736149,9.42038135354056,25.2756871833362,0,0,0,0,29.4518512165986,46.9846607474116,-40.0188086627497,20.0295870146723,50,0.1,0.00318747813883654,0.00136149156260436,0.00235533103292985,0.000596440782233235,0.00216537679486033,0.00165441029885635,3.58760333885324,2.67290394963467,1.83192788022944,0.0712126941862927,100
84,14.1094653146074,32.6379625173771,34.1432697508152,40.3539096273489,0,0,0,0,52.2516778943305,65.7053960448247,124.438947980689,127.152072883338,50,0.1,0.00298793111455224,0.000552877802301414,0.0162565291981784,0.00537046650894329,0.0044293671353558,0.000286162846185971,3.82666658065225,1.07109386521676,3.13288185348762,0.244156705329344,100
85,21.9216284696822,15.8979258981863,29.7180120424697,4.02592923101605,0,0,0,0,40.2192813037559,6.29221561766276,-69.4508486111723,-63.1305874901294,50,0.1,0.00204634289142932,0.00153649014234823,0.0175008656233265,0.00453550287969109,0.00337411961911519,0.00127166321714188,4.02920339638111,1.97277646317553,4.43231994629263,0.916878634559057,100
86,13.0270672675312,22.0075450281559,5.80673220162435,4.62099569003808,0,0,0,0,50.7031081626692,38.1575767656386,-85.1978998725888,252.50159500196,50,0.1,0.00741524281257972,0.000156670219093587,0.0136084785042476,0.000112094485308872,0.00384601937061205,0.00313873806283819,3.69475946687657,0.767619947491931,5.91273635059383,4.386344406869,100
87,31.3894831674015,28.8304518094154,22.249759762337,50.3691926550816,0,0,0,0,53.2162534862889,52.1037426086473,-305.76426456078,115.732456864696,50,0.1,0.00500845751509682,0.00179073828313834,0.0316984414100216,0.0122209895092187,0.00321538054938329,0.000442675657298354,1.36345663660677,0.615501933714535,4.65949345419309,1.97194782738063,100
88,19.9564295686923,16.7143701747813,30.7497833014606,1.85544412393088,0,0,0,0,21.6358099124469,70.5780015540863,205.498420590416,-133.930389992298,50,0.1,0.00960134199267922,0.00765405443898704,0.02221926348624,0.00798997930308532,0.00985627799680492,0.00369751451170497,5.13476772127793,3.8062073873859,6.88498637833354,1.58218897862816,100
89,36.3063556935393,10.8653263275815,19.2136300544753,63.7933894706084,0,0,0,0,93.0900204111489,43.5054887647373,-28.7225811187989,199.629918631337,50,0.1,0.00515998781036881,0.00445832592942723,0.0382639106896141,0.00647504922735617,0.00699541972759771,0.0066612385476212,3.59032916991703,0.527896594831178,5.40245006425955,3.64389827943145,100
90,20.7059427321792,31.1032385340113,27.9631166455535,31.5688420127203,0,0,0,0,63.3481995042667,50.3263346579283,-39.8732726529534,-87.8227449590204,50,0.1,0.00690026338990373,0.00239533016376951,0.0244092000253896,0.00898350753523098,0.00589025968329807,0.00245154969735588,4.08835440371981,0.140392006631014,5.01988416461637,1.98150916003297,100
91,40.141625841485,22.8347852736355,19.1570243914023,6.60308237737727,0,0,0,0,59.6333233905363,98.6537467172535,-89.9071244531203,122.705087964544,50,0.1,0.00567185522908454,0.000132640339492533,0.0279080408440305,0.0270943315584815,0.00446546603579421,0.00207342764649052,4.82832102625746,3.88179535510482,5.74031549748617,3.24404900175077,100
92,29.1021666852875,36.1281882137283,18.4759125041422,37.1004290363537,0,0,0,0,48.8161843253209,33.792249297939,-91.7003912009783,13.2198038894895,50,0.1,0.00495569802144566,0.00121456058121335,0.0210079224719953,0.0125942004988517,0.00614631244429179,0.00106124830691934,2.52972598422051,0.727630374631448,8.19336412806426,3.55471853082482,100
93,9.32375258452518,32.8098250926793,31.0673156705393,36.5368232470818,0,0,0,0,72.2115201311752,-2.07345850931881,-235.230302945003,70.022361699324,50,0.1,0.000975675935798343,0.000692945224206519,0.00929750646290299,0.000425537722491313,0.00737293352258659,0.00290118361709027,3.7824393096912,0.396998355352602,5.07695745667728,3.48220999468251,100
94,16.6090212398954,17.7189823113604,45.3256326112171,41.7884155002136,0,0,0,0,34.3345851019492,50.3845802257612,-118.034927076137,116.988977849516,50,0.1,0.00463708070453881,0.00265498597345074,0.0373730097367139,0.00960195764727635,0.00277937611936097,0.00263572534577038,2.35325768557598,2.28121181044578,3.69493493417732,3.10614358514478,100
95,24.3367722444698,30.4181134169046,30.3777669485344,14.4469436859608,0,0,0,0,36.7008043276384,47.446685061634,-189.731274828812,-160.025069287541,50,0.1,0.00335011679708678,0.0016081241913931,0.0225828769604415,0.0224637503165425,0.00743698524127754,0.00172944542821612,2.86566284459456,0.959210330237801,4.29257851967296,1.14881366924786,100
96,22.2318391808894,32.3511705439879,13.4341529237259,2.39152875496533,0,0,0,0,79.8713163532832,54.4072039828593,183.971612127862,174.246854502322,50,0.1,0.00624590813211685,0.00397362033060131,0.0255630372878231,0.0226021008397444,0.00350943948093852,0.00035859709828989,2.8391304917398,1.8936379321688,5.19742925231028,3.73234472207427,100
97,21.9705201850061,46.2166206179702,46.5508651827059,32.8348317191954,0,0,0,0,30.0020359063275,26.8128826831668,181.879639338599,-167.493533543117,50,0.1,0.00346981822049504,0.000375131464670807,0.0266574549209531,0.0177933829709418,0.00968735668537508,0.000659843568934059,3.00339375836051,0.782348215607182,3.76409956106646,0.225623591619676,100
98,32.1082243387391,25.0097590734858,24.6448164860312,31.3166950768137,0,0,0,0,69.5905483368605,7.08570759361244,166.516734129572,344.235446099852,50,0.1,0.00369391758788445,0.00229255541793913,-0.000697445005155044,-4.13641419736132e-05,0.0045715095211552,0.00136270466260622,2.91480169021203,0.082193577706977,5.11290784366602,3.33398804704182,100
99,29.1341965642901,22.6635502665409,16.5397446974006,35.7877828006955,0,0,0,0,49.4040587058165,31.4825750192567,-135.989010928659,22.6793015544292,50,0.1,0.00503717080511189,0.00297901191708379,0.0102724429894681,0.00101808779719627,0.00328168572539282,0.00134435980013603,1.12182298258646,0.215754202777056,4.8744305572609,0.887232887139667,100
100,37.1653172189357,10.0366811914235,14.9603620634113,14.7773380863575,0,0,0,0,-0.394635374307171,67.9952084528146,99.9392492957589,-27.3919263548238,50,0.1,0.0079107084858974,0.0044831169032335,0.0266676295634389,0.0169256341139635,0.00895066366485562,0.00679870983124571,3.53321269723081,0.00527034307024125,4.888901857393,0.525990414065948,100
101,9.87512219233198,30.1314116061974,22.2340870297295,24.9650294624712,0,0,0,0,68.0832623859918,55.8426788469975,53.9802114832664,387.639838105927,50,0.1,0.00267607327583227,0.00246430034471503,0.0306468688187436,0.00158083133233156,0.00226152554762427,0.000327682713130745,2.02564696178256,0.176002941004042,4.47299288821196,1.31877848709067,100
102,35.6231824178598,44.3483560156337,3.64000066085382,29.6066485934781,0,0,0,0,52.2160468732204,49.6997806542237,390.455644680423,190.839095549181,50,0.1,0.00171397868982354,0.00155967448708996,0.0322577157339802,0.0095926964289523,0.00129297028713757,0.00110242540602597,4.25880052202977,2.03143231986304,0.73661223746498,0.297087747241759,100
103,34.4616096149337,32.6005267739083,31.5797998823,27.5204391379071,0,0,0,0,54.8976676118523,48.4523136829379,49.7931107756951,60.3905208562583,50,0.1,0.00389724367233187,0.00310491065204235,0.0413324505972494,0.016862447679468,0.00455056090219162,0.000227607133716015,3.43521069779888,0.115642133816372,5.44987096371351,3.06277415927027,100
104,37.459509362355,30.4199381770671,33.4558302406161,34.8746372506372,0,0,0,0,59.0612112976536,10.4806823946523,-219.467639762882,-301.083150362537,50,0.1,0.00522972298186027,0.00156737215254716,0.0151979081840426,0.0135663875997315,0.00303876156832619,0.000708371819475354,2.58158568514016,2.29922565102522,4.01272656824052,3.46498142835734,100
105,19.2134139057334,28.2414912841893,11.0782746595264,31.5754662900192,0,0,0,0,92.6168345832079,15.6514414925267,158.033283373893,-133.651134359097,50,0.1,0.00282586709284446,6.47949257664642e-05,0.0169618213936603,0.00115718433775234,0.00232919521555227,0.00152214434033095,3.15542233380602,1.4606127471839,5.77723721579289,3.53440369975734,100
106,13.5219037216467,20.2513676419671,31.1094491472967,25.932792007045,0,0,0,0,32.9035965522875,29.8698254344438,-80.5385478879169,-156.358367878736,50,0.1,0.00749063739360462,0.006186253462361,0.0146124996563929,0.00172517099827436,-3.3917479948728e-06,-2.11781296006161e-06,1.98231890447291,0.0305085246127868,9.8880765222113,2.6404483837825,100
107,39.0192711380516,40.8434432233406,14.5085015743938,3.72548332587581,0,0,0,0,42.7028007695006,52.4532040536611,296.669449234335,22.3441958722806,50,0.1,0.00492680708243987,0.0031794968628292,0.0201254076797395,0.0106402237492947,0.00805103654894615,0.00468375989599771,2.86081292594407,2.48020153597199,5.90448841583839,1.50601270610709,100
108,38.2752354692768,14.686862660212,13.7607646854702,29.7000160259367,0,0,0,0,22.9083516247682,33.4409082113645,206.185278176061,101.983845294627,50,0.1,0.00394193550797075,0.00041082193134965,0.019469550199646,0.00177993074981764,0.00306304889583424,6.31983058032732e-05,2.86723557849198,2.07890250545437,6.92360070632752,0.0984680669579085,100
109,26.7942536720369,14.6891609234327,1.37596804099357,38.2985861573386,0,0,0,0,92.6137878454411,17.3314205952339,159.622037742759,-186.66912989948,50,0.1,0.00652616691813743,0.0028514658742453,0.0265692930928612,0.0215493887321833,0.00700787584952688,0.00278975434174373,1.24101664457215,0.178862131023261,5.41808028886991,4.67729290114474,100
110,22.2639183329077,12.2260636771121,28.1721417945409,6.20675685712953,0,0,0,0,64.8469760249964,11.4990347643152,226.09408736615,35.7501584470129,50,0.1,0.00521207272053895,0.00270602228128493,0.0357701341291736,0.00325005233130072,0.00534602458434096,0.00417531092672197,2.31679270000554,0.264518805908377,2.30375726662792,0.222524373651494,100
111,47.0073242516459,36.7751013238783,22.755908570097,8.81109191229216,0,0,0,0,62.3817879770983,43.7294688246538,-329.522639395392,133.770515630715,50,0.1,0.00145117648432275,0.000576116862964974,0.0131097909272914,0.00427475848859254,0.0077829630904109,0.00243144361561444,2.41756237677484,1.15459955741105,5.89553330684312,1.02923123725467,100
112,50.0962333482669,37.8098052253593,33.6484148077739,10.5629456867861,0,0,0,0,74.9636985905799,33.0215587656086,78.4313140770331,102.850648617627,50,0.1,0.00182571968115361,1.51897626371857e-05,0.0236430072101628,0.014928001402751,0.00607860275642114,0.00230953082955754,2.47052793647912,0.592226643460977,5.15513088149592,3.96739198556527,100
113,36.1604932968295,34.205216902372,16.0240232838893,2.13838914268216,0,0,0,0,7.07765522064766,83.1082318594441,254.461664374465,189.084372038985,50,0.1,0.0071480335757596,0.00452381871366518,0.0229152712037746,6.94215588706467e-05,0.00490120535316511,0.00439388995384426,3.73668283240856,1.86688740647402,10.0906205396736,4.73993504807326,100
114,29.3644474925022,16.2561507650048,14.7144155992437,37.7115183934828,0,0,0,0,33.5530102016787,9.38211449639584,35.9016108142842,-73.8476645802426,50,0.1,0.00364938822081775,2.17631402021976e-05,0.0363696012237078,0.0248519762814398,0.00236073873878631,0.0017646673458096,3.46621202696308,0.0322094139490969,8.00405366155954,4.66694937722407,100
115,30.2233429955201,25.1534682326595,41.2167634552564,33.269351553022,0,0,0,0,38.5111328991328,48.5157478765282,-62.5377117403446,-1.0713933593757,50,0.1,0.0064987937308143,0.00128558221787816,0.0413400737381446,0.00831930535526061,0.0055420472515681,0.00163214804555719,2.46064145809881,0.510055797121236,5.40387167553772,3.89320363681561,100
116,25.8963050689823,11.4295198293861,42.4321794107585,8.41908811679551,0,0,0,0,48.5538004219386,37.5741153469136,-117.84467741158,237.280700931069,50,0.1,0.00473403433708875,0.00329547430111163,0.0235379199431727,0.0201060778455637,0.00874406122735767,0.00156239057326837,2.28786025926765,0.62843429832297,5.25633591349348,0.840094834481475,100
117,30.936283499924,32.1773097398688,0.691835465994661,27.1632596555263,0,0,0,0,50.3685677107539,52.2089458214129,-36.1492782836573,334.645944338017,50,0.1,0.00176093719108988,0.000279654786818533,0.03908347241683,0.0111331611366887,0.00728023659598922,0.00399799470857828,2.50650528494677,0.478451817723678,7.12814790806154,3.38061101852731,100
118,11.7357222120342,26.3100920919381,37.5405961052914,11.9373133486365,0,0,0,0,90.0253047784473,37.2430245614375,-23.4647421689267,355.938383781434,50,0.1,0.00442730129135874,0.000644401863215363,-0.00475078173347375,-0.00222316780763829,0.00202586675757439,0.00151160736649585,3.02389269094597,2.49885932199566,6.24777467270127,0.243108802982957,100
119,26.0018303417386,24.80238271148,29.9854819047627,23.3034089798254,0,0,0,0,79.5555895090612,72.5860118047333,38.9532183755097,-47.4775508771431,50,0.1,0.00457985167924627,0.000742841588743035,0.0391675765816847,0.000977501326278113,0.00551778727715685,0.00181882758839938,3.92793343956311,1.02341331302471,4.14917286198026,4.09062915045407,100
120,8.95059111593824,23.3262879677113,10.638583283293,11.5815109613645,0,0,0,0,18.9639978374572,64.0122076744619,-184.121729908829,-490.785007082921,50,0.1,0.00599364981003038,0.0024517552670527,0.0409587720186724,0.0226196955564954,0.004817115754943,0.00215155648829192,4.23866016486237,2.56716423992175,-1.72136335422889,-0.771624178645529,100
121,23.5717395289819,36.5705427879055,4.24607957166985,20.0055075935177,0,0,0,0,86.1700806090532,75.2237011628225,37.7522686985322,47.9115146696196,50,0.1,0.0057618510796909,0.00363204113413216,0.0199272515759103,0.0120617699489153,0.00770169881977377,0.00311381783185587,2.1617410940935,0.521840252424387,2.74518966780368,2.27397354646758,100
122,16.7398100412326,26.1986080687124,19.5452407701091,13.7508005660303,0,0,0,0,-1.66926933108164,74.0646644272831,140.579699022029,-18.1573059179925,50,0.1,0.00172677684909894,0.000289091683666946,0.0202529584368898,0.00203098930562943,0.00520707519638604,0.00019196936937651,1.24600743912617,0.342294875297246,1.46819266045387,1.1370481650616,100
123,25.7249910915649,35.2865093168213,5.64345515306942,10.3409320773747,0,0,0,0,32.3215513597847,26.34795750261,-137.478482659879,-71.3118808394899,50,0.1,0.00488311667989676,0.00373838604962012,0.0322048823055096,0.00333327930374959,0.000481565584939958,0.000453506826090343,3.00019799500343,0.679045518171879,6.91891142875668,2.68019537290725,100
124,27.4049760159914,20.1007165053076,2.40580665343523,52.0231613099729,0,0,0,0,24.3637000573664,19.4770523805038,-96.0193394139485,-25.3287116939221,50,0.1,0.0058646151250627,0.00532929397796858,0.0308423342580336,0.0130510120062488,0.00445290026390521,0.00308727322867953,4.08338305966816,0.671946080487622,7.92446018627091,5.53152990412244,100
125,23.2829015256886,20.8068546644959,27.9379675007727,29.5141926898565,0,0,0,0,9.9283498348303,43.3784917959753,-70.6783891169877,122.606455527976,50,0.1,0.00353640991556593,0.00265069191052686,0.025696867453593,0.00349088226635529,0.008978844429577,0.000552350350914979,4.10445869555621,1.85924408936208,0.409314306985844,0.112076876301559,100
126,11.0745262067266,36.9294778659031,39.1772666531222,13.8677907081525,0,0,0,0,15.9334049790494,83.981214492626,186.417291090419,-11.6530619585882,50,0.1,0.00341613934641672,0.00160459615042745,0.0276102787593647,0.0161299169276204,0.00419278195656536,0.000350505089594549,3.68257913270314,0.40391808722401,5.19361317490141,3.09079781562462,100
127,29.9766111568739,23.5947509223979,12.4919261922095,26.4703232076757,0,0,0,0,69.0779098011244,14.6755781200318,56.5541458887595,-167.624581380603,50,0.1,0.0105968187020595,0.000615055075417395,0.0404400036531291,0.0242326340048002,0.00639231099675247,0.00229243325181818,3.68342623550123,1.56416620704145,5.65296113417746,0.137834810540649,100
128,24.3776039073174,20.7402863807982,33.2496918421228,30.3625543869527,0,0,0,0,42.977349433568,105.258045252852,-112.523617034848,241.814504790375,50,0.1,0.00453395746793278,0.00131944493272573,0.00890788850372452,0.00571608731346813,0.00395961461397195,0.000402655490155357,3.63790892451461,2.05483637918395,5.22577033937009,3.08051727083311,100
129,26.0857681518607,39.2980222797373,6.83028584154541,0.287478995287096,0,0,0,0,31.806651038307,29.2262810492149,-151.973594813675,16.3211965010112,50,0.1,0.00451025701454459,0.00291937360765577,0.0216283091935099,0.0182775604503392,0.0060526756540347,0.00411257064725441,1.66428887291862,1.50018817158634,6.64512584082326,1.60032275567712,100
130,29.7039822219878,38.0006193964427,11.1201158970276,50.5968230600074,0,0,0,0,39.8404448525725,72.2818752046896,77.0835747603883,-37.011643873634,50,0.1,0.00627369404557694,0.00515824791835264,0.0309834944023105,0.0172621105086237,0.00491167979944489,0.0011101736977433,1.78924008118438,1.3157986114052,5.54515280760823,3.16402353952406,100
131,19.2723660821535,31.5260021333146,36.940243541918,2.11339832934743,0,0,0,0,43.7718103685739,102.738219331793,83.7026174816117,-9.87318585206716,50,0.1,0.00588068696212957,0.00319305674053495,0.0179049051530374,0.015225434689022,0.00618633188170436,0.000921750385689343,1.66503548528001,0.428993091433653,4.1044810601387,1.10084980789176,100
132,27.2328601867141,33.825290345127,46.6016462688374,14.5949082797458,0,0,0,0,66.4393049111097,-9.83712533059892,169.577215635207,-192.282086341777,50,0.1,0.00298559618313733,0.000298571683147629,0.00928397951428288,0.00306748523725635,0.00491964764649979,0.00365979229280017,3.37709317978469,0.159402698511107,5.80182785925465,0.365565944258489,100
133,26.470365362204,30.6546628336349,2.79014580578513,2.31192193329967,0,0,0,0,68.5027073119863,59.1286873923162,53.6079585111145,-58.7782179396761,50,0.1,0.00311471024315285,0.000613989608478187,0.0236713394613924,0.0141119346653825,0.00358880487184468,0.000896247282790094,1.73271051435354,0.634708849782442,4.64252238961945,0.655894928263774,100
134,21.1436364072956,27.0249212385123,34.7198749075732,3.47995923402152,0,0,0,0,24.7689028192493,69.4556121968323,5.78718395218343,-352.724289398669,50,0.1,0.0047500171466571,0.00291120550760414,0.0230921366657782,0.00677597958743289,0.00372990366147981,0.00213123472145428,4.51358880610089,1.16724990818264,4.57290652374594,0.0342507967236213,100
135,34.1940246125869,31.6549984229928,42.8409770562009,16.2804262081163,0,0,0,0,76.8221311184058,71.8686422329691,3.10231966838798,279.624453000488,50,0.1,0.00327368330035856,0.00134465610925645,0.0104425004108893,0.00733403093319719,0.00415718867429958,0.00203611790109667,2.71034603579251,1.28318780231756,3.83158282373437,2.20006009298979,100
136,19.236138308507,26.342815114408,8.03000136450998,3.82706899588864,0,0,0,0,41.1954633454333,98.6205865465387,195.739924863205,56.8695862884018,50,0.1,0.00815536209669155,0.00719641962562045,0.0131723540099556,0.00308475640330447,0.00546491355714422,0.000650768892371467,1.47138003787373,0.794180050971635,5.43951103432364,1.69335738731852,100
137,40.4443218638311,30.6658694753706,24.8038931935484,14.4799556408512,0,0,0,0,60.9857506738867,45.7815072217124,-42.0036097342214,-115.015665803328,50,0.1,0.00684298753599215,0.00124002933011334,0.0283820649562086,0.0108228280149203,0.00330769028974306,0.00117576576586876,2.36491855512385,1.10522215504752,0.201032283838635,0.081983370056409,100
138,53.5816964400406,13.4581663702258,4.37288757540586,3.93075689314931,0,0,0,0,64.2435107058652,72.8435542455885,-6.01860508001625,-420.489592044956,50,0.1,0.00758058734257259,0.00730749121095872,0.010873004111353,0.00124265653560534,0.00471976279884981,0.0010320905396471,3.78775608749186,0.504365162095464,5.21304832904525,1.44312398793496,100
139,26.1829616891307,24.3003064064389,39.734926718746,27.9583330031151,0,0,0,0,71.669576498372,56.8623891058509,-14.6166032440191,-60.3498183439363,50,0.1,0.00256214615826676,0.00161579401682632,0.0205772667567352,0.000144469096643841,0.00790340719619257,0.00111681008217394,1.31542071775311,1.0827481838418,5.84729978936757,0.720515748875508,100
140,23.0553411207324,35.7819336086107,10.5758322229743,36.6188944570099,0,0,0,0,34.2985637882287,68.5700044181636,-253.128708619145,-16.8988710505881,50,0.1,0.00284743966963863,0.00201798102248435,0.0257651628069077,0.00289344159981486,0.00455111611153761,0.00319622113542063,2.97048530712563,0.641930375620042,4.76085496869177,3.04496775520749,100
141,46.4861957156926,27.6676338636049,18.0565708136963,7.47344295685497,0,0,0,0,48.3125729698114,55.9214297802713,161.588388072285,-40.9040537030083,50,0.1,0.00716095990039805,0.00182839176518183,0.0286642158489461,0.0173692738182066,0.00343460911669134,0.00191350407091126,4.46172188819285,3.17390569130186,6.68906086763802,3.35303337608828,100
142,19.1382847333179,26.6636513491823,11.2168328596607,31.5723672147876,0,0,0,0,51.2500313587956,8.88832066242978,-263.01613027835,-77.5112734979018,50,0.1,0.00473072798823915,0.000862196144793623,0.0141306912985995,0.0117892453403151,0.00547183668845419,0.00447397560483355,2.69137102904667,0.679774040503292,5.37033042066006,0.943418797492302,100
143,18.5516448964629,35.4551511256127,6.03490997215531,22.3035102544022,0,0,0,0,65.9851422599544,57.7251110514221,53.4793970157385,96.696151978276,50,0.1,0.00740974159848539,0.00578072496983372,0.00930659681574398,0.00486805366798561,0.00229499320937268,0.000927906355805904,4.37142381755547,3.11071430977412,4.15742638336255,1.15847985992968,100
144,42.2245316086117,32.9786995614321,28.9403037406533,20.2003240308777,0,0,0,0,30.9368586143277,61.5280488710938,53.8976663733252,140.929235736698,50,0.1,0.00402293610779235,0.00319312249773866,0.0217706250512454,0.0170104221821881,0.00579500788228523,0.00405939243167185,1.63825245902409,0.8100011581288,2.56424378683395,0.292482776541417,100
145,19.1717810605421,19.7100654529341,44.5443227704005,13.125100041013,0,0,0,0,103.391027557461,47.8080489552592,31.4684863043905,28.2064191821105,50,0.1,0.00165595979932117,0.000861860727510583,0.0442365857742966,0.0128272835307822,0.00517822667636037,0.00111038562005566,3.21242536113235,1.58978840423316,6.0071956016226,1.38058928211907,100
146,14.944490152125,32.9077067433676,25.8771576795308,6.56105600936707,0,0,0,0,88.4865666152429,26.7497186795631,253.672219410679,-98.0252928104818,50,0.1,0.00644141677010871,0.00150366970480374,0.0356344745903456,0.0314276379069811,0.00503996273792143,0.00310859003675417,3.34843879208828,2.17407977638566,4.17126906545104,0.0600642753864829,100
147,26.1508382557622,5.35333259140232,23.5726317491175,0.832120687380904,0,0,0,0,59.9227768441671,57.7800919076223,-82.3692945970215,-245.805434900463,50,0.1,0.00597799683552069,0.00268519226953745,0.0197513160963805,0.00883599129177756,0.000841088088615638,0.000754216265429109,2.6129586816171,1.24773539373692,5.43916730417101,1.31564717972866,100
148,28.3986184613649,22.1125451638616,13.712744053556,2.53301758999641,0,0,0,0,63.1905170281665,76.7346904060838,84.2192361074214,-129.331199678832,50,0.1,0.00660010545175468,0.00506138508147405,0.0381554526658069,0.0309362705482974,0.00530865357769697,0.000639238560933739,2.95875224407716,2.2185222981358,2.50072407603928,0.131813009675841,100
149,21.1354528231167,32.4752995302704,29.3586092257842,12.871241203696,0,0,0,0,28.0823972666388,60.8975180132337,290.30568921027,-149.133136653177,50,0.1,0.00292711563359546,0.00213494605692012,0.0204317526646063,0.00213453586116563,0.00432464592923267,0.00301661196866583,1.91279515636643,0.83982566531896,5.86027853127286,0.046373631229387,100
150,21.7546191030807,30.3724203986046,34.9610208621064,5.49250513570885,0,0,0,0,50.9754023251017,8.67059774077843,21.4628303009875,-75.1513323424407,50,0.1,0.00597750724472616,0.00339621267223646,0.0310426195135722,0.00043204268304167,0.00428842272902618,0.00264204277948065,3.65869416703155,1.81122845335634,6.10769015369043,3.76103959140629,100
151,44.5507410527055,29.6061694847035,17.420139057278,19.1551082420541,0,0,0,0,39.2846029796103,65.8440940517008,15.0985019000942,145.2560036749,50,0.1,0.00264918944961435,0.000744896418712866,0.0320053511676873,0.000341480373940703,0.0037195669633271,9.57502583409059e-05,3.8540495877858,2.67765979647579,5.28864270504218,1.12896755051092,100
152,32.2633788524973,26.6972557871057,2.83184085862124,38.9560835848902,0,0,0,0,47.2433929376869,55.9617278871895,-79.2993943314502,-149.66610555713,50,0.1,0.00743247488609311,0.00343592538201533,0.00698976602385666,0.00425326778484528,0.00645698707043784,0.000404105950806611,1.32186294690848,1.10222431188761,1.20001888894742,0.54639365851307,100
153,35.847238093227,27.7395068482839,42.8612735580011,21.6351757514394,0,0,0,0,30.5594231634336,30.5814688010858,-7.23315563041697,-99.8974511361616,50,0.1,0.00322008703415151,0.000604341278625341,0.0215543112382924,0.00428556840338478,0.00581492266018719,0.00297527404712973,3.29159944626708,1.37941807523197,5.01534933260374,1.8307982740809,100
154,21.0972296457152,15.5726506515734,20.725059704244,31.18797726969,0,0,0,0,-22.2010991182587,68.3256740182466,-235.113539559255,-194.594890560779,50,0.1,0.00374200261114313,0.000143486248603633,0.015607445056857,0.00374981864758933,0.00502949254463175,0.000517638896260262,3.4312893497285,0.711629112320136,4.02935494417707,1.79094694624099,100
155,22.8645917394256,40.0634412188005,19.4170088611914,13.7834210727301,0,0,0,0,49.0448888417727,72.1018843203925,-94.6279366203636,-33.3669509848939,50,0.1,0.00604523564068248,0.00494202960691685,0.0208430366185045,0.0030900189524414,0.00485478631750815,0.00134340636614626,1.17288853641335,0.498480634956466,7.26300853978129,1.85115101433134,100
156,25.6881027095031,45.1221069661613,2.81370312779868,30.2592117019426,0,0,0,0,21.2789449914718,5.2958476228814,250.217481689742,-70.6651255182376,50,0.1,0.00514338737701449,0.0023212874354099,0.0335429868802596,0.00343018311174921,0.00328485150195461,0.00132562811167905,1.87069042024622,1.09322172210945,2.29301175672557,1.91968207576599,100
157,33.3691038724479,16.2388626604617,3.35589407467998,17.1149366925544,0,0,0,0,15.5891249327788,88.7775388334231,65.5388977587156,66.3192218248385,50,0.1,0.00301332439025717,0.00207134245673204,0.0238841528144483,0.00820139033403124,0.0023579510821769,0.00215485352581876,3.7828650097962,1.93954126141195,5.30123078387383,0.477067304351607,100
158,32.5831413162325,33.1266732978136,27.2483123793385,30.2333648170826,0,0,0,0,60.5538733490812,75.8962666837835,22.8089308106224,-255.760116870828,50,0.1,0.00483522728819967,0.00146599438791016,0.0416923630032147,0.0324727402604258,-9.3314607116984e-06,-1.20666412333361e-06,3.49541743258116,2.78669301643774,8.34316536980037,3.26271903358322,100
159,32.4915190731525,33.1500129422275,39.4184920751657,31.2467654920353,0,0,0,0,91.432811799107,21.7180455838735,0.576303002777659,166.254763928841,50,0.1,0.00462535810292305,0.00113340746662506,0.0162798973102938,0.0121924208932515,0.00432770662782366,0.0017156817034158,0.500243959572342,0.17517547985016,5.07640384629357,1.40662732891382,100
160,23.3272461032695,9.05723554711017,19.0355567440228,36.5904595410183,0,0,0,0,43.719645531558,51.5375199734042,283.436130084733,-227.122594596889,50,0.1,0.00451527233650761,0.00053424082987161,0.0345890040937497,0.0166915842867073,0.00613494235490023,0.000668751208227128,2.31201359267439,2.22099115992733,6.40918252419832,4.72411871036033,100
161,21.1553733817182,48.9839633576661,29.359725380481,9.60421719217443,0,0,0,0,34.4510302763181,61.1901925618888,9.10642071669487,-146.058560803197,50,0.1,0.00739015897783728,0.00146881339658356,0.0248208538879885,0.00709904445685004,0.00220042899252426,0.000949343470379244,2.75462853025727,0.695408919061561,4.03966459499816,1.38607805518406,100
162,8.76285419120184,25.6776836166127,9.46151353029421,9.65285100953511,0,0,0,0,50.3771941317131,25.8842430503987,5.4411195041369,-0.953103804805107,50,0.1,0.00178322460351596,0.00042429429326752,0.0133529714096251,0.0132578193978458,0.0071465008605324,0.000316914898042183,2.70469042661227,2.69167621900576,5.16889787480743,2.5146949974108,100
163,25.9992211796581,36.1225552442449,10.0778381695658,25.1187416627351,0,0,0,0,29.9898317554902,15.196881827963,203.98986857378,50.734197014919,50,0.1,0.00772839435724671,0.0042955402212533,0.0256198191074609,0.0246939220298014,0.00295932686172491,0.00268733113331804,4.47637358464593,4.23262464401541,6.30077515375477,4.09394279774629,100
164,27.4098772073887,28.580911529588,4.28803636842924,4.45243028091288,0,0,0,0,37.2678841302933,25.8105840517805,45.8249786598055,214.782592070857,50,0.1,0.00712665995703996,0.00359197716841337,0.031007238431249,0.0154084999862693,0.0047255322482487,0.00206233440828302,2.75147842867751,0.727136677182334,4.8416964640912,1.96806241554898,100
165,20.3501454688658,28.1639385844821,27.6929300305468,18.6051470828839,0,0,0,0,55.9023226472255,50.8297482957674,-139.966432841226,458.810792722148,50,0.1,0.00663856871028839,0.00111009353227266,0.035846846034093,0.00306526119869748,0.000778909350133822,4.65220721138995e-05,4.24216529335595,0.875173058986782,5.27288127921454,0.5043895887561,100
166,31.9050536146541,27.8476595435754,2.25593176005797,0.879253196206207,0,0,0,0,24.5521364160658,49.49989628551,67.7732803945962,-168.870792008516,50,0.1,0.000233358454983564,6.07966102655538e-06,0.0293715018098374,0.00199398234249091,0.00437301073174972,0.0030995490140953,3.49761198434887,0.556656549461391,6.45561693784056,0.360524868769954,100
167,20.9126536787643,33.4973840293547,0.831141413120314,5.39403960279162,0,0,0,0,67.2602233680881,35.6431518351994,-88.6466434221367,147.716363570768,50,0.1,0.00795497896298258,0.0054916151287242,0.0281343508910626,0.0206215833027156,0.00622783813144163,0.00164358583328355,4.6014367366478,0.708460214016335,5.85803164026392,2.84610597162121,100
168,26.3878778090738,18.4767307399833,0.29099493893521,10.7124754046029,0,0,0,0,120.226484255484,93.0308804194119,-132.514672965212,-227.125777794086,50,0.1,0.00386999697159869,0.00233405530891035,0.0314491077970207,0.00456734786342916,0.00636950722147697,4.14803344186234e-05,4.66097758199487,0.295598550535641,6.10741177204056,5.20019056803598,100
169,21.7010029625343,34.9989037094722,2.23370933586406,4.91741855613865,0,0,0,0,24.2404445766069,42.587621206409,127.083384300574,-24.4362902986354,50,0.1,0.00452127195249887,0.000281120759223448,0.0346537355583171,0.0163394082958423,0.00758379212980385,0.00156808398514105,1.95328459483185,1.16600417822343,7.948350693695,2.79898228444348,100
170,17.8878928993022,29.5736368239377,26.7283501890701,46.999145650308,0,0,0,0,59.1067490154045,19.9047794039134,-194.280305720657,-0.854327310729667,50,0.1,0.00423033990284981,0.00241666104057597,0.00805780559580914,0.00400128179053648,0.0032367305638457,0.000261981640058025,3.58780096348453,1.69419490186607,3.73534642919988,0.162199636929328,100
171,34.0919110409747,27.7576421766909,4.38955562381124,22.7902611420911,0,0,0,0,47.4302724142096,46.0749183210108,110.279676946042,-42.3168561685057,50,0.1,0.0042834003360325,0.00373898582002114,0.0114481916950537,0.00633789263971419,0.0065503945467295,0.00137038040344815,4.79384172457069,3.11492535570187,3.79852217494193,2.77426730353015,100
172,40.6172414357928,29.0600875445394,25.3072861572274,7.38443388767426,0,0,0,0,67.2002916672007,49.3555516612449,-394.157015252986,-116.586999006039,50,0.1,0.00376497690586472,0.00134236103330904,0.0109096186205902,0.00150756307769683,0.00307517278966807,0.000680792868248216,3.74281793508073,3.41255999611889,2.01358133738639,0.196070525185077,100
173,14.2515950935234,36.1089860011364,2.9925772688952,15.2420771321466,0,0,0,0,29.2999434366736,59.5460656388049,-255.438388489826,91.1615165168039,50,0.1,0.00695403599374717,0.000831637915651261,0.0173178873044398,0.00183850806386153,0.00408116173869844,0.00172588015123269,3.72910620808705,2.27040244000059,2.98907395650172,1.21238243450108,100
174,31.7579601297435,20.4937640232589,15.5132796062697,30.6160167856107,0,0,0,0,60.1221641348021,54.5674229611706,-5.17171171511906,-256.831294924712,50,0.1,0.00542863494836083,0.00495638116286707,0.0408557868686917,0.0124416823648666,0.00590265056770304,0.00116541625542208,1.35720117295212,0.63039055810263,5.12527949131813,2.64965636846901,100
175,20.4514987337618,13.9862505940111,21.1456977676264,30.0188583464355,0,0,0,0,29.8283392534797,16.1440501599524,-260.053054394093,194.849311142279,50,0.1,0.00156841907058692,0.000309173211216324,0.0309332804504422,0.0285511900115282,0.00436643735609719,0.00146217542138934,3.0715188758539,1.4359369939588,5.53668720891971,3.88040286552135,100
176,40.0111227272733,8.99874127640852,19.2804330739645,20.0458409668876,0,0,0,0,20.6305942463854,84.6545222484308,-250.335025674319,93.7622140695926,50,0.1,0.00678292351301157,0.00577152575216584,0.0234060422101463,0.0187014655296518,0.00676935542381871,0.00256451951430048,0.561233025215322,0.0892849688389342,5.36330773098446,1.33091941062843,100
177,26.4217763846613,17.1345960549025,32.3233640797076,9.66698895638025,0,0,0,0,21.1963034542011,50.3605648178725,118.294494782465,-53.6308885811729,50,0.1,0.00663336915643325,0.000476611234791038,0.0246191423444006,0.00830422104840995,0.00366381260304956,0.00177700559135217,1.72947632343212,0.297286555490013,3.98602536190148,0.168170300915019,100
178,18.4038253873107,38.9328651743637,18.7281909645412,5.77976182795703,0,0,0,0,56.3202916004497,88.5208037323275,-90.2486105341121,-574.263212792141,50,0.1,0.0050959802450286,0.000803104913780001,0.0286103371579042,0.00229579728272655,0.00595380347804043,0.00215967632461836,4.17526580552951,0.0820524010442507,8.57476976081385,4.39285530269444,100
179,19.0149735489446,23.9632712499773,27.9463332611097,19.0772303611417,0,0,0,0,10.1892842281964,78.8939933969847,-246.294042819162,-23.7714561634904,50,0.1,0.0033326519351148,0.000415198887099946,0.0173417699621277,0.00128531913488217,0.00259878933242981,0.00187006761809238,3.62250700677119,0.961181660207348,3.55998689272859,2.04547994644375,100
180,13.513730151213,16.0983020929973,25.0521378606173,24.2384809188949,0,0,0,0,53.7527908837753,76.002503521565,42.2878839507751,-355.788472058423,50,0.1,0.00825541003787508,0.00361671560314188,0.0153866820308293,0.00832693784743242,0.000608183046681805,0.000605681546130794,1.69233516120051,0.0140320210863921,2.13645787340373,0.52103653523938,100
181,14.9920751289396,27.8004295393909,17.6679299425552,24.0279902253234,0,0,0,0,36.3918660210548,62.7467822074901,196.008584714584,58.0600192006403,50,0.1,0.00344104703380229,0.00212814654136153,0.0249948995691101,0.00817798795994235,0.00481110438472844,0.00230561382515569,3.32875287156689,0.99815660132923,5.76584525895864,1.14562620154997,100
182,16.6097701527416,45.7529206957171,47.4766964282382,26.7722392291093,0,0,0,0,72.4647465747954,42.2284524205323,-81.705990281923,118.973226513431,50,0.1,0.00513818276096547,0.0015726137954583,0.0291060033360021,0.0170881180440884,0.00562009382312885,0.00154731299539227,2.4105357015947,0.79036614849001,4.2501671208486,0.785973481985675,100
183,6.0538603629318,16.8520151686437,1.20336404095193,29.9461416159805,0,0,0,0,29.8421971402221,72.9218393764713,109.234359150804,122.437257216073,50,0.1,0.0092424475531768,0.000942233873795827,0.00958150421793235,0.00521859913491964,0.00671068022869566,0.000654855572431044,3.34339449153851,1.24079959684846,3.12065612989828,1.59299149073728,100
184,19.3903050477107,12.8994398595383,40.0343266646052,17.6034852829921,0,0,0,0,51.4202388894555,31.5782568522223,-77.8057298061387,212.467511656263,50,0.1,0.00507415877917315,0.000622564962565734,0.0306938286177769,0.000525686354574879,0.00563537912553786,0.00112242789115114,2.75638152999133,2.29495945190125,3.95128534384033,1.84731313689637,100
185,18.2265402137828,27.01507482972,6.27334169228591,31.3798455770879,0,0,0,0,33.9636093083396,29.2117480145924,-47.3896613240853,71.8858855262032,50,0.1,0.00305652139696063,0.00294356383976068,0.0212497845251373,0.00200188785767917,0.0034712949289951,0.000535583837763302,3.78587104838494,1.2107037709271,5.25978916545146,2.09428470330326,100
186,30.6803219246418,37.8359022702486,40.604372450874,22.2760501243878,0,0,0,0,49.2949374678732,49.468552223402,76.7004522581903,274.341553106421,50,0.1,0.00467814211243397,0.000595188561033209,0.00901073160570749,0.00098483516577708,0.0060108260385937,0.000250952207236439,3.15442534698586,1.13883849256464,6.58995002313707,3.69176177376153,100
187,23.957311002831,39.0263746900574,11.974072832218,22.8432047582101,0,0,0,0,50.3997877110396,46.3394202584345,-59.8476766664632,274.607913394985,50,0.1,0.00468536634608676,0.00395101822382426,0.0187085753273752,0.000706642404839028,0.00392975672538176,0.000182047116017175,1.59861272641422,0.354794482443871,5.98371890770063,0.846949362871179,100
188,33.3095030445413,35.1739600578504,32.2611130644094,27.9257526646642,0,0,0,0,63.9038110609008,11.2865633216712,-161.662365408074,-63.1174381729658,50,0.1,0.00388659750597071,0.0014567724404244,0.0264976470600445,0.000371714954076989,0.00630240472879031,0.00225688204721624,3.83472509476837,0.684990721325596,4.92756920690929,3.07737824340705,100
189,42.1059738188152,12.8374535037856,21.3374515899377,38.0165799705454,0,0,0,0,71.7187542534362,27.9278837573711,-179.60938632448,-112.249052393672,50,0.1,0.00570893699248491,0.00105719068183038,0.0221159722719736,0.00643722695340973,0.00804536366299556,0.00295619190988684,2.34787182292034,0.804198779355871,7.26860253361804,1.90850608390716,100
190,30.2174732563458,32.8858228193613,27.3176608949832,14.5915588487951,0,0,0,0,56.4235455673706,27.1990874026074,-353.318939839443,94.5130311976774,50,0.1,0.00452484574168267,0.00221244560175281,0.0324769041644601,0.0159063791095859,0.00436129831036793,0.00203196837777258,4.09531132886047,2.58888762499496,2.49063195204712,1.8683737685237,100
191,28.0887540963315,7.32851398979871,21.4544531643542,14.1693452938259,0,0,0,0,61.2078815831079,90.9983896872275,218.981131820768,-328.34601036093,50,0.1,0.00573364543957844,0.00386339645428195,0.0251179838049867,0.00569502651989414,0.00701235823335036,0.00660891176364231,3.69552759042067,0.395663425598196,5.33474801388332,2.65281899764647,100
192,17.800116511734,15.3017153148161,43.0841099734737,26.6949807245944,0,0,0,0,28.1534933941438,39.6896244930351,58.2733805434736,-265.3825889633,50,0.1,0.00711354299865141,0.00368627511945175,0.0295527072807706,0.0131018395522959,0.00474126825096864,0.000462043926152454,1.06420369243406,0.318917008888616,1.32185838934208,0.690163537559904,100
193,24.5704655894076,26.8685624131721,8.96323631149144,17.5516647101584,0,0,0,0,67.3465290106052,56.2362113785116,110.183426928767,263.213096802709,50,0.1,0.00431503807477903,0.00193495258291662,0.0191033792512866,0.000992359128207588,0.00244998817660276,0.00185358003834593,3.40214144443729,1.55287831148536,5.11500880958357,2.60753429039642,100
194,15.5055623794219,13.9182625876864,48.0931491992154,44.1838834801724,0,0,0,0,20.380620177442,68.5921933309484,282.236991343358,57.6885430975951,50,0.1,0.004799149663362,0.00373895530348722,0.0194739631873469,0.0180996376205889,0.00269366092220856,0.000419932779976191,3.6990943469236,0.897747153493855,5.7870976347872,1.12251470097771,100
195,43.436563230141,9.63145547717422,11.0994125516135,4.18632464632473,0,0,0,0,81.3619740236127,38.8139012398605,-187.948160104551,-157.117024024053,50,0.1,0.0046108072103424,0.000264098689677558,0.0246098156848298,0.0123986385398527,0.00289237016945776,0.0025596936259381,4.26782610852216,1.78607261731268,5.22313709072531,2.40204020343073,100
196,18.7235973884216,21.9920635451864,32.3628215672014,51.6451863999053,0,0,0,0,25.992135911332,-13.1695801331824,7.46088810441899,310.552068747812,50,0.1,0.00672354666483575,0.00343734843379136,0.0257799565216234,7.91923024740563e-05,0.00513275657961389,6.91784002113264e-05,2.42431461381962,1.98864421081061,7.02869991718991,0.452384652362695,100
197,9.42383883066114,23.7776350922402,10.5518819515356,4.38272087897009,0,0,0,0,69.4990232112557,81.7147149441635,302.773818242461,160.701688392794,50,0.1,0.00266173231369285,0.00233004792947769,0.0176378874505401,0.00295405462228887,0.00198321851523169,0.000996568098130989,3.35192208918984,1.24286792441783,8.59317634783058,1.32931079689034,100
198,31.8076986495044,24.3263970738304,7.48718866488037,49.2162519387891,0,0,0,0,72.8585331199214,43.2309263396134,-92.0315731272135,90.4638513154788,50,0.1,0.00561326374372686,0.000652549415268845,0.0199689705124736,0.00815961360788653,0.00330608145691837,0.00188650943869735,3.5900477202319,3.40872153219787,5.76374006272055,0.222713699623753,100
199,35.3502060352186,20.2933726763496,21.3163174722549,6.87085116248651,0,0,0,0,76.9316128725787,81.7915255882829,-25.2199952764386,16.3265870226956,50,0.1,0.00353143949706192,0.00350240011517826,0.0288215367721015,0.021925215061442,0.00344843350416567,0.000537746921198448,4.71017190966892,1.00371046541952,3.01399213888524,0.749584568591026,100
200,37.524178624305,30.5133172655258,57.4932744780522,23.9180590242375,0,0,0,0,41.082899579241,31.326803749635,261.87627783666,225.393152832079,50,0.1,0.00357896359753911,0.00324364611267534,0.028290462686397,0.00950560611080317,0.00408760163130055,0.000308950807427803,4.35340522817348,2.03813988458452,4.02923646877131,1.25466174574205,100
201,22.5670583921159,20.2304231781911,14.195143075791,1.6452162514187,0,0,0,0,37.4575622962203,51.4763820733973,-232.978073795964,267.591625941681,50,0.1,0.00484345752568944,0.00147684498191394,0.0232220153560755,0.00889779965429606,0.00038350614827594,8.12813287930276e-05,4.66274407891166,1.89414990023698,1.83667833074446,0.420023388536504,100
202,37.0179058742845,17.2147875206461,34.2031490592392,37.4314403030586,0,0,0,0,6.87759915184095,64.4575217924743,-110.086254397682,221.283892044942,50,0.1,0.00485067905898517,0.00157468674720988,0.0176084951197093,0.00024298908144482,0.00547091539990837,0.00233162127439545,3.80636100328295,0.517729500969749,9.1201763412128,3.71908464397837,100
203,21.7847399306386,31.0951935755603,63.4158521140313,4.56183480127989,0,0,0,0,12.9778641754937,75.0944270005209,-259.739188641167,344.67851788118,50,0.1,0.00126357135566799,0.0010202387687324,0.0130405121820091,0.00682831364972117,0.00664722442446858,0.00594647193611609,0.751378032800396,0.23679484228123,5.02346683662513,3.40917031472764,100
204,21.842290786019,8.70877503279709,35.2512627481274,24.4680339710528,0,0,0,0,75.1223967592761,46.2606310492275,44.8112793868868,6.1801038513085,50,0.1,0.00576012861193283,0.00100682232843204,0.0281167318629554,0.0112214852842446,0.0038017837108298,0.00125730731978337,2.70754824118654,2.28406798336234,5.55463177851711,3.97784200519984,100
205,19.2747423127738,28.8889283653037,43.8885021447417,5.90785410318741,0,0,0,0,34.8291167190079,-10.5633110592508,241.64510153931,48.4844311536724,50,0.1,0.00366888969497306,0.00291332246922986,0.0227554913968203,0.00709435720354012,0.00474888818793822,0.00374371526913705,5.09060307792034,3.04371016680286,3.48582018132629,0.263620954182946,100
206,25.1228576629409,19.7958909541301,21.1446599356132,34.8914040463106,0,0,0,0,12.5740855307909,101.441138518065,202.558531667208,58.3603062017083,50,0.1,0.00576059947670588,0.00427235059415171,0.0327539748182211,0.0213829471401873,0.000839721268889773,0.00044368977407642,2.10998961862262,1.14905940108447,6.77300788440347,1.75018661200354,100
207,53.4149498343912,27.3894790655966,21.1055546289107,14.9750556150319,0,0,0,0,57.7470789518887,58.2675871932459,292.962174111024,-73.1968817608466,50,0.1,0.00473195388913418,0.00159584185116317,0.0298785750098677,0.0178212190891747,0.00594854362581247,0.000141953588967798,3.443703330328,0.386403734071399,4.6500974709118,2.08906838282928,100
208,6.3930998919757,5.63786366336299,32.2209524119411,5.08146904120054,0,0,0,0,65.2881677258873,47.3131354623398,92.6126424736173,-256.352135371704,50,0.1,0.00316752833744477,0.00286444070211508,0.0353994498322809,0.0133489984420843,0.00348381793633233,0.00122458886099871,2.9721341455211,0.747210178250203,4.79306094338911,1.20992581486624,100
209,20.10594364308,45.6147009677058,25.0839345431445,40.5359946232631,0,0,0,0,59.0832866500702,43.5245108221189,98.2815741177526,53.8337657262935,50,0.1,0.00427427559742066,0.000137289610383541,0.0299788563449225,0.0146725773546934,0.00271105343172261,0.000491437213617633,3.67687488987103,1.81127625501344,7.48044946999338,3.74612627265314,100
210,29.243466243907,32.2416526681979,5.16742054869729,27.8219900351213,0,0,0,0,47.8081885892026,60.3590522737913,40.9234071063723,-9.18745515550968,50,0.1,0.00579892950539502,0.00520976023598594,0.00913596303337429,0.00130710161571043,0.00692185294366812,0.000414370794048384,2.70188965891794,1.82846840663282,5.38122788096143,0.48560238862562,100
211,28.9624436249169,33.0233513888889,10.6141734643347,37.3824368263932,0,0,0,0,-38.0531688859317,57.2217484027252,-61.8932610413937,-25.2040376845078,50,0.1,0.003274905296337,0.00242440738845034,0.0166521677395386,0.00752488554999722,0.00391156610357339,0.000622354746561743,1.94593672546916,0.4085091026549,5.08365158257279,2.33320710360998,100
212,22.0919326996421,10.9593048913458,8.53167837317062,18.4567273682599,0,0,0,0,54.965521499633,23.0763433360339,229.0816439158,-154.13624791411,50,0.1,0.00634996503480044,0.00300427111735908,0.0318389260930934,0.000871519551183488,0.0067527343323203,0.000284202565705889,4.18068376262632,1.31635145478624,3.68796052974917,0.121111847850959,100
213,16.8545765049438,35.2922574959284,6.41147780605692,10.8583092516366,0,0,0,0,0.497342058266639,48.0172317552972,72.3024071287422,-25.4835321524782,50,0.1,0.00267470429605794,0.000206055441083869,0.0373214707235151,0.0144555835663652,0.00770133070663635,0.00529726598208138,2.23074314139591,0.699351769316844,7.46637407256271,1.01202947921555,100
214,43.4003576242541,27.5743230129205,28.2687362382612,25.0645978535326,0,0,0,0,52.0565039601427,16.5532400701778,48.6926017365097,316.464575752442,50,0.1,0.00438052198787793,0.00157086271457884,0.00284621827102904,0.00111762272585554,0.00736791024884239,0.00299969318987729,2.86740578922794,2.16161544494649,4.9798127075379,3.12951422432272,100
215,28.2414893872451,32.5601873070131,6.36928043064334,17.6101228132755,0,0,0,0,-2.95187460979167,118.683814421439,-65.9869491172394,-60.9085352320167,50,0.1,0.00447123845954375,0.0025703890481214,0.0447839297847532,0.00160613726943633,0.0040198730704004,0.0035774328199589,2.32607239981698,0.398602171591619,4.58255858812382,0.657024842877643,100
216,21.9044641401617,28.360589219051,12.0591901176651,24.377108682507,0,0,0,0,47.0415660808385,56.8576371852196,8.49193354374754,-165.853423440888,50,0.1,0.00754505556153997,0.00428482825761971,0.0192191859353537,0.00414851307224812,0.00594975583691195,0.00315030957210758,2.49529772105466,0.761500009899898,1.39884367930077,0.204407232960459,100
217,25.7376573342496,22.4594973923831,7.90741306385804,18.1979078976512,0,0,0,0,30.7447590860483,42.5298659486267,-301.083859383409,-129.14251684852,50,0.1,0.00524296417240994,0.00127683452952082,0.0194454810358957,0.00789386920172489,0.00561935032682521,1.14932065498482e-05,5.17321889094817,2.5167238045798,5.22374588591778,5.1821879360893,100
218,18.9182362926576,8.61848099815507,28.0634760617516,3.32073899800351,0,0,0,0,57.1412775673288,60.0332583758319,190.279492870523,-153.247184027149,50,0.1,0.00465132894816302,0.0037220750409153,0.0138945620846894,0.0097950025035936,0.0033564502992785,0.000923631373725561,2.49760306880236,0.651640171547554,7.9012269808684,0.167777183179518,100
219,34.7009749314761,24.128620307844,37.6674480069171,37.5431334731369,0,0,0,0,73.9621045911676,57.1603841955962,57.6925228304711,87.5928208140455,50,0.1,0.00494170414957156,0.00446497626629006,0.0247157029142955,0.0237110562236428,0.0067113562396149,0.00209630127155215,4.04539853247743,3.50354272253926,7.15404049633849,0.302925463979828,100
220,18.5868253926962,34.368603114412,2.8996353452326,23.0434593861091,0,0,0,0,46.3411607670971,93.0831247890506,12.938611861778,156.784102684111,50,0.1,0.00451130267505393,0.000855597865098063,0.047824688851507,0.0171029998733052,0.00843409583984557,0.00149779929185134,1.68360728083356,0.64494197368492,4.73498372489048,0.349274544726776,100
221,28.387806602147,36.6409808818898,7.56222431132558,43.3761369385396,0,0,0,0,24.0671369065428,38.8641312066024,-398.479704865893,253.567216549643,50,0.1,0.00529577541142071,0.00133826628284813,0.0257827512220618,0.00349348472375356,0.00761032433299703,0.00295920615056071,2.32620664799366,1.14468998243327,7.87550458593608,4.04774268115792,100
222,16.0652589735103,44.1710645928013,24.8125808593719,24.5072668441606,0,0,0,0,41.3136853299714,132.162861995433,65.0792496827296,-53.2341862223154,50,0.1,0.00456791410852421,0.00316591572405921,0.0325524155329379,0.00984751220677051,0.00648164414736751,0.00391341233166846,3.33254437231246,0.731341085781379,4.07117973528344,1.18421819504222,100
223,29.6130506993478,15.0255346878001,32.2681853614412,23.8595255041912,0,0,0,0,35.5007874293154,49.5855654103938,135.249209726059,-73.1005166911413,50,0.1,0.00485297055813097,0.00134947903673744,0.03830024286394,0.0336613007917529,0.00744936596374017,9.82104578659474e-05,3.99863783193425,1.02778800936874,3.87885487117038,1.75849608546719,100
224,46.8127475350477,15.3935947957871,41.7182435709892,18.6164338096154,0,0,0,0,50.6553342445141,34.5380063990634,-346.261997482634,-226.962393468482,50,0.1,0.00536229969451437,0.00166061620706244,0.017010686772965,0.00624413999971457,0.00355298701960907,0.00116519122364004,3.43382202997966,1.09173806149819,7.26323619007961,5.47133074624942,100
225,38.4228058959599,26.9663735157766,18.0372623806761,9.45245378969007,0,0,0,0,99.1832525955866,29.5410175637711,-95.1681871772606,-11.2282888320411,50,0.1,0.00757269984675962,0.00467597486173945,0.00887317144502205,0.00187683884166338,0.00345594332557221,0.00327275289635491,1.13237021507889,0.305638214079201,6.61679001410996,0.0365115170865452,100
226,24.7699217630114,21.9530700309268,15.7596691481319,14.0158136472081,0,0,0,0,42.425020424366,87.4367034746112,44.9876017960193,14.0751741340991,50,0.1,0.00648779903734458,0.00112693450894253,0.0192662824722256,0.00766473625156789,0.00908342413859469,0.000332456605008398,0.865541001251433,0.118818189581262,5.12524168392223,0.114344317960794,100
227,11.3405740079997,17.4593897475432,21.7005065636697,26.2120888028935,0,0,0,0,25.7164870881541,71.4131399154935,152.224633065354,187.156679567066,50,0.1,0.00418730250598154,0.000458381597725952,0.0431352497343875,0.0376866074485664,0.0081828941553662,0.00754360944272916,2.41480333568117,0.992975053189508,7.86221933569639,4.23077890128814,100
228,7.83592209936037,25.9446119598624,15.4559306304693,26.0080464520485,0,0,0,0,26.5724729245617,25.5445021485742,170.362584806166,301.019305695086,50,0.1,0.00686505406117257,0.00224376948081039,0.0158413391570161,0.00588955660440775,0.00533022365593819,2.99061832437888e-05,3.54702363601706,2.45082924738801,3.94063161412745,0.0427075792968205,100
229,34.7967453338836,34.7104999200862,23.9768674372178,26.2663453020153,0,0,0,0,-10.0391050345579,27.465206376246,-312.122579390394,137.427087011627,50,0.1,0.00303378192233006,0.00186865012771521,0.0252261887359766,0.00917818500431893,0.00648675076012024,0.00340778592777704,4.99184805893753,0.129250813894063,6.94635983667231,0.718928465723599,100
230,21.0555101598187,23.294701107388,51.6823465404379,44.6125010151121,0,0,0,0,7.43113548396886,55.061884256651,28.7484183016991,-275.778021018112,50,0.1,0.00563899780434696,0.000489446921100563,0.0250857534408297,0.00155718406873544,0.0036854996564866,0.00282262231140311,3.35732170130446,2.88890715334465,7.5491399789747,4.75863673108537,100
231,24.4727752932532,10.7602257123552,21.2114246959863,34.8511939697893,0,0,0,0,85.1622376562497,46.5070690511597,-171.649729658177,-50.6549612708609,50,0.1,0.00735114411694475,0.00358205829141116,0.0100618391539828,0.00120487185202281,0.00487068047209362,0.00214150222254653,3.38480128116796,1.12931843103336,6.66158519048862,2.09847743438602,100
232,17.3748925513822,37.7626795401447,20.9671254005922,40.1899235281936,0,0,0,0,-4.09262552029583,72.8763585600999,10.1738430602335,146.128948814217,50,0.1,0.00653505590840348,0.00227960011979565,0.0253378756887853,0.0134209186528011,0.00507264924196153,0.00160311840949588,1.0932506116354,0.671768975292247,2.54203186108931,0.714425718560211,100
233,26.7201036386335,37.9608435528646,5.27192643937592,45.9398579587211,0,0,0,0,50.8290279966492,39.8355087326768,-49.3519986365894,-312.231721376243,50,0.1,0.00285254100632302,0.00222623085151149,0.0254813728885934,0.0138763212087991,0.0031628970955219,0.000563086877958285,3.10441733736785,2.20434980115409,2.34915580884631,1.58606034629109,100
234,38.0873961079863,32.6190703717931,18.5884373973566,20.210075880596,0,0,0,0,64.7650768155294,62.8720678374962,286.0698127555,13.6545970750159,50,0.1,0.00732455528432079,0.0051284402432003,0.0206340519112635,0.00297817405073813,0.00160897696147144,0.000128844091567945,3.22124356200219,1.761566337317,5.05299712210182,3.55943893018878,100
235,34.6550495681411,35.8826557953018,29.8521933515656,10.4193223499897,0,0,0,0,28.1869882641634,35.7199254455128,-68.2499338283379,-429.203292672608,50,0.1,0.000799996156719281,0.000786323396685527,0.0253718613435213,0.00132466212291271,0.00468228279681242,0.000744400602590261,2.93269872429864,1.95906989053602,6.35259240926568,4.72001271384398,100
236,39.6405131952675,15.4095072572908,50.8196637843172,31.8916920730288,0,0,0,0,48.0281840625156,46.6017654308678,-85.1993493568888,265.424938412143,50,0.1,0.00583132864921809,8.40986475098211e-05,0.0269054231007656,0.0169146122074585,0.00465557921014925,0.0020492673983423,3.966860172803,3.35565013869529,6.0078251717633,1.37560674821284,100
237,34.5973203977158,13.434910431404,29.3094218680263,23.1914880620326,0,0,0,0,37.7645598596765,87.4847990005474,-7.22704338395395,-183.550467689849,50,0.1,0.00424447958581302,0.00285887036351082,0.0202171544575798,0.00270869688041934,0.00837874240933368,0.000741770569285072,4.5498113130427,3.62645779356995,0.728272233180468,0.243592151027416,100
238,25.0418048788723,27.753245568649,27.4988696206547,21.8486770389227,0,0,0,0,45.1545079328876,71.240218393505,-91.6952336467681,27.7087467363078,50,0.1,0.00449440549939764,0.00303171578719261,0.0163018847359483,0.00415300422972375,0.00312710458401797,0.00275680642011224,3.52789162926302,1.83769066322685,6.43492338829239,5.44448606221204,100
239,16.5475736961708,27.2172416891356,3.22590413540383,8.82375838936519,0,0,0,0,32.6327970172685,50.6491016030547,99.5745660714109,321.008007676768,50,0.1,0.00462963642676933,0.00204350507986325,0.0153625256306278,0.00887214700135118,0.00833049178045364,0.0017442090681053,3.13482067436283,1.9323984357952,7.43476474899749,3.46441056905905,100
240,21.5685030716351,15.1562811740824,27.8478933728611,20.8979053538536,0,0,0,0,34.90012361488,91.0621428914057,296.690729248407,-141.317701243052,50,0.1,0.0092557383138516,0.0012742892399737,0.0287348473625062,0.024607942789827,0.00292511671272683,0.00174551600872195,2.49304171852092,1.03978040337023,4.84070694989449,0.46319752621846,100
241,24.770701572096,24.4395418496155,30.6141188331726,41.5887966353136,0,0,0,0,49.3828409426026,55.8975908469383,212.185181145027,273.198747095397,50,0.1,0.00361754518539554,0.0013077334886086,0.0398613933200396,0.0335555772135522,0.00332120646295936,0.0017805348708215,3.85165148258477,0.339818140714926,3.55306183819653,2.33930146179239,100
242,7.32980668849461,17.2328785194189,3.59326398447282,28.8147213859954,0,0,0,0,59.7381070556184,14.9060823128367,-155.640237192402,-43.7888174604747,50,0.1,0.00771005994182327,3.34949985419452e-05,0.0411892015162404,0.0103543053438368,0.00644490294193381,0.00335695610286001,2.12288483928125,0.167076634310737,4.44736811297781,1.98555224422803,100
243,23.9287893056129,26.6507445256034,33.725487826518,0.263737358142414,0,0,0,0,62.4216165071497,71.7252862234709,38.7542110160701,-168.202418150591,50,0.1,0.00426233170684862,0.00306858652893323,0.0314635980089538,0.0295786951031734,0.00689808823039999,0.00676926204447822,4.06542110653111,2.20243942946975,2.88556350885366,0.963461677487906,100
244,48.6204871050753,45.5659147664755,7.94448673221569,33.5562110966005,0,0,0,0,88.9939450029483,52.142819116926,116.736042026733,-87.6752358248657,50,0.1,0.00267767696346505,0.000840111297718828,0.0298418893487357,0.00102407088653318,0.00459541856405504,0.0008279041944055,3.60777360646915,1.12531029900237,4.91073975287036,0.853281746768831,100
245,21.6300448728212,27.9703792294304,2.74002472207638,3.34125536653556,0,0,0,0,86.4917580343003,58.8432260762443,-39.3102141776963,277.03187215249,50,0.1,0.00633884966311139,0.000640626463799331,0.0360944262134084,0.0143451032930388,0.00455455403272706,0.00200108085194255,4.56026148927702,0.754409193005783,7.42743947458622,1.3981839080526,100
246,32.7826980102501,16.2669443199232,36.4264485336109,32.2315096710864,0,0,0,0,91.1284455500969,77.5428462636631,156.322445490374,97.6050546242148,50,0.1,0.00521730550330117,0.00136780079263015,0.0263867361968787,0.00585475843182563,0.00600497872612892,0.00584096457443974,1.12280766085205,0.0140827421992118,4.74606607996711,0.320364083984232,100
247,40.0846108128776,27.0496402226042,14.9562971300186,38.1188332680055,0,0,0,0,42.700650920863,52.9915947444813,14.4284951624762,-193.187743011196,50,0.1,0.00513641196615427,0.00147884131541273,0.0185855021955182,0.0045814517568189,0.00793484680509622,0.00140938475961997,2.64390828359529,1.22021805256832,7.31488232674451,3.32565889298635,100
248,14.8535428038413,23.026079212496,42.8294409485951,24.8859902565556,0,0,0,0,40.9306877039117,-3.96600921278806,-26.8824087688963,26.7245221052405,50,0.1,0.00520141464392298,0.000362694689939906,0.04052277976029,0.00127162476303163,0.00239677425018243,0.000215096059439209,2.75752457590612,0.543152830393269,4.58860273606952,2.65063607620933,100
249,37.122971588476,7.70056433209479,0.074735083563592,13.775056353598,0,0,0,0,5.55491700604282,143.578855523033,35.6851703230213,304.357746379409,50,0.1,0.00664532118603756,2.01210307368788e-05,0.0412565778268644,0.00529139414114911,0.00666717776668657,0.00578783458309494,4.57470228797848,3.22706638365415,4.05683207258706,2.1741049451946,100
250,13.1364093515259,22.1845641358553,43.100360118084,17.7036364210949,0,0,0,0,67.5973698721161,48.0208133311021,-430.010610849087,237.964721113165,50,0.1,0.003254879154931,0.00161113355271659,0.00617228865932076,0.00562627979517892,0.00506109803393445,0.000328716446617819,3.51927127981492,1.01747794679452,6.6208700713161,0.213291247327533,100
