G0 X0 Y0 Z0 A0 B0 C0\n,0,0,0,0,0,0,Enabled,  47.242,  50.721,-1295.124, 0.0637936, 0.7736037, 0.6142628,-0.1419468,0.21474596858024597,Enabled,  73.235,  91.322,-1295.627, 0.0181708, 0.0228512,-0.7300131, 0.6828094,0.22067983448505402,
G0 X0 Y0 Z0 A0 B0 C0\n,0,0,0,0,0,0,Enabled,  47.290,  50.722,-1295.075, 0.0639179, 0.7736314, 0.6142968,-0.1415926,0.2158266007900238,Enabled,  73.325,  91.295,-1295.647, 0.0180489, 0.0227213,-0.7299548, 0.6828791,0.22005146741867065,
G0 X0 Y0 Z0 A0 B0 C0\n,0,0,0,0,0,0,Enabled,  47.285,  50.698,-1295.140, 0.0641986, 0.7736555, 0.6142741,-0.1414318,0.2185894399881363,Enabled,  73.271,  91.272,-1295.614, 0.0181489, 0.0228080,-0.7298687, 0.6829657,0.22172710299491882,
G0 X0 Y0 Z0 A0 B0 C0\n,0,0,0,0,0,0,Enabled,  47.256,  50.692,-1295.186, 0.0633870, 0.7737087, 0.6140742,-0.1423721,0.21476712822914124,Enabled,  73.261,  91.317,-1295.640, 0.0181046, 0.0227742,-0.7299910, 0.6828372,0.2181224822998047,
G0 X0 Y0 Z0 A0 B0 C0\n,0,0,0,0,0,0,Enabled,  47.335,  50.734,-1295.035, 0.0647138, 0.7736695, 0.6143694,-0.1407047,0.21327127516269684,Enabled,  73.294,  91.294,-1295.622, 0.0181722, 0.0228273,-0.7299376, 0.6828908,0.2234434336423874,
G0 X0 Y0 Z0 A0 B0 C0\n,0,0,0,0,0,0,Enabled,  47.279,  50.731,-1295.115, 0.0636004, 0.7737182, 0.6141292,-0.1419877,0.21565470099449158,Enabled,  73.300,  91.281,-1295.631, 0.0180177, 0.0226527,-0.7298731, 0.6829696,0.21879781782627106,
G0 X0 Y0 Z0 A0 B0 C0\n,0,0,0,0,0,0,Enabled,  47.290,  50.742,-1295.115, 0.0633111, 0.7737662, 0.6140504,-0.1421956,0.21443699300289154,Enabled,  73.254,  91.307,-1295.625, 0.0181557, 0.0228213,-0.7299520, 0.6828761,0.218510240316391,
G0 X0 Y0 Z0 A0 B0 C0\n,0,0,0,0,0,0,Enabled,  47.352,  50.748,-1295.034, 0.0644084, 0.7737240, 0.6142706,-0.1409765,0.2152710258960724,Enabled,  73.318,  91.260,-1295.627, 0.0181161, 0.0227623,-0.7298381, 0.6830007,0.2211674004793167,
G0 X0 Y0 Z0 A0 B0 C0\n,0,0,0,0,0,0,Enabled,  47.300,  50.753,-1295.046, 0.0642657, 0.7737316, 0.6142507,-0.1410863,0.21317873895168304,Enabled,  73.269,  91.281,-1295.638, 0.0180846, 0.0227155,-0.7298928, 0.6829447,0.21853585541248322,
G0 X0 Y0 Z0 A0 B0 C0\n,0,0,0,0,0,0,Enabled,  47.324,  50.747,-1295.084, 0.0639525, 0.7737340, 0.6141824,-0.1415124,0.20887793600559235,Enabled,  73.249,  91.307,-1295.612, 0.0182061, 0.0228937,-0.7299721, 0.6828507,0.220703586935997,
G0 X0 Y0 Z0 A0 B0 C0\n,0,0,0,0,0,0,Enabled,  47.339,  50.733,-1295.078, 0.0657030, 0.7735840, 0.6145552,-0.1399025,0.21324200928211212,Enabled,  73.324,  91.295,-1295.636, 0.0180545, 0.0227189,-0.7299461, 0.6828884,0.22054463624954224,
G0 X0 Y0 Z0 A0 B0 C0\n,0,0,0,0,0,0,Enabled,  47.273,  50.738,-1295.048, 0.0643656, 0.7736826, 0.6143458,-0.1408954,0.21033863723278046,Enabled,  73.249,  91.285,-1295.623, 0.0181253, 0.0227590,-0.7298776, 0.6829584,0.22270013391971588,
G0 X0 Y0 Z0 A0 B0 C0\n,0,0,0,0,0,0,Enabled,  47.302,  50.697,-1295.130, 0.0639460, 0.7737415, 0.6141798,-0.1414855,0.21385788917541504,Enabled,  73.270,  91.293,-1295.628, 0.0181711, 0.0228543,-0.7299309, 0.6828970,0.21945315599441528,
G0 X0 Y0 Z0 A0 B0 C0\n,0,0,0,0,0,0,Enabled,  47.363,  50.707,-1295.139, 0.0646389, 0.7737578, 0.6142420,-0.1408097,0.21410319209098816,Enabled,  73.327,  91.305,-1295.641, 0.0180415, 0.0227132,-0.7299797, 0.6828530,0.22024524211883545,
G0 X0 Y0 Z0 A0 B0 C0\n,0,0,0,0,0,0,Enabled,  47.289,  50.727,-1295.105, 0.0643650, 0.7737554, 0.6142507,-0.1409108,0.2126217484474182,Enabled,  73.248,  91.319,-1295.645, 0.0181174, 0.0227823,-0.7300080, 0.6828184,0.22138996422290802,
G0 X0 Y0 Z0 A0 B0 C0\n,0,0,0,0,0,0,Enabled,  47.342,  50.709,-1295.111, 0.0645278, 0.7737592, 0.6142665,-0.1407460,0.21541965007781982,Enabled,  73.313,  91.275,-1295.648, 0.0180624, 0.0227168,-0.7298728, 0.6829665,0.2207120805978775,
G0 X0 Y0 Z0 A0 B0 C0\n,0,0,0,0,0,0,Enabled,  47.352,  50.711,-1295.127, 0.0645834, 0.7737527, 0.6142672,-0.1407536,0.2158767729997635,Enabled,  73.311,  91.312,-1295.636, 0.0180663, 0.0227681,-0.7300012, 0.6828275,0.2184925079345703,
G0 X0 Y0 Z0 A0 B0 C0\n,0,0,0,0,0,0,Enabled,  47.292,  50.708,-1295.167, 0.0639566, 0.7737880, 0.6141391,-0.1414032,0.2136169821023941,Enabled,  73.241,  91.304,-1295.627, 0.0181471, 0.0228176,-0.7299420, 0.6828870,0.21957184374332428,
G0 X0 Y0 Z0 A0 B0 C0\n,0,0,0,0,0,0,Enabled,  47.350,  50.709,-1295.117, 0.0647064, 0.7737635, 0.6142730,-0.1406123,0.20919176936149597,Enabled,  73.279,  91.286,-1295.629, 0.0181620, 0.0228354,-0.7299056, 0.6829249,0.22047151625156403,
G0 X0 Y0 Z0 A0 B0 C0\n,0,0,0,0,0,0,Enabled,  47.361,  50.709,-1295.110, 0.0642966, 0.7738003, 0.6141897,-0.1409614,0.21047762036323547,Enabled,  73.326,  91.275,-1295.632, 0.0180322, 0.0226776,-0.7298757, 0.6829656,0.22108279168605804,
G0 X240 Y880 Z880 A2 B70 C0\n,15,55,55,2,70,0,Enabled,  28.406,  11.449,-1324.514, 0.1260864, 0.7412222, 0.6554038,-0.0716777,0.20149753987789154,Enabled,  73.272,  91.364,-1295.619, 0.0180657, 0.0227296,-0.7299352, 0.6828994,0.21721018850803375,
G0 X240 Y880 Z880 A2 B70 C0\n,15,55,55,2,70,0,Enabled,  28.438,  11.450,-1324.542, 0.1260564, 0.7412449, 0.6553657,-0.0718440,0.20463237166404724,Enabled,  73.252,  91.347,-1295.601, 0.0181843, 0.0228432,-0.7298569, 0.6829761,0.21889814734458923,
G0 X240 Y880 Z880 A2 B70 C0\n,15,55,55,2,70,0,Enabled,  28.443,  11.440,-1324.588, 0.1260023, 0.7412888, 0.6553153,-0.0719462,0.20162038505077362,Enabled,  73.291,  91.352,-1295.623, 0.0179761, 0.0226628,-0.7298842, 0.6829585,0.21845242381095886,
G0 X240 Y880 Z880 A2 B70 C0\n,15,55,55,2,70,0,Enabled,  28.473,  11.387,-1324.728, 0.1262940, 0.7412943, 0.6552392,-0.0720707,0.20527781546115875,Enabled,  73.293,  91.370,-1295.637, 0.0180062, 0.0226913,-0.7299629, 0.6828727,0.2179674506187439,
G0 X240 Y880 Z880 A2 B70 C0\n,15,55,55,2,70,0,Enabled,  28.448,  11.376,-1324.706, 0.1258219, 0.7413469, 0.6552368,-0.0723767,0.20103539526462555,Enabled,  73.287,  91.353,-1295.616, 0.0180323, 0.0227051,-0.7299082, 0.6829300,0.218489408493042,
G0 X240 Y880 Z880 A2 B70 C0\n,15,55,55,2,70,0,Enabled,  28.469,  11.351,-1324.768, 0.1254977, 0.7414212, 0.6551486,-0.0729738,0.20487229526042938,Enabled,  73.286,  91.352,-1295.622, 0.0180218, 0.0226743,-0.7299091, 0.6829304,0.21844685077667236,
G0 X240 Y880 Z880 A2 B70 C0\n,15,55,55,2,70,0,Enabled,  28.471,  11.331,-1324.836, 0.1254026, 0.7414241, 0.6551354,-0.0732269,0.2064112275838852,Enabled,  73.244,  91.390,-1295.621, 0.0181766, 0.0228706,-0.7300312, 0.6827891,0.21886558830738068,
G0 X240 Y880 Z880 A2 B70 C0\n,15,55,55,2,70,0,Enabled,  28.467,  11.362,-1324.715, 0.1264892, 0.7412607, 0.6552712,-0.0717827,0.20008830726146698,Enabled,  73.269,  91.352,-1295.613, 0.0180591, 0.0227251,-0.7299045, 0.6829326,0.2185761034488678,
G0 X240 Y880 Z880 A2 B70 C0\n,15,55,55,2,70,0,Enabled,  28.497,  11.374,-1324.690, 0.1262260, 0.7413654, 0.6551957,-0.0718541,0.20036643743515015,Enabled,  73.277,  91.385,-1295.622, 0.0180656, 0.0227616,-0.7299874, 0.6828425,0.2177368402481079,
G0 X240 Y880 Z880 A2 B70 C0\n,15,55,55,2,70,0,Enabled,  28.519,  11.401,-1324.588, 0.1264815, 0.7413801, 0.6551973,-0.0712351,0.19255691766738892,Enabled,  73.259,  91.373,-1295.613, 0.0181262, 0.0227955,-0.7299628, 0.6828660,0.2193460762500763,
G0 X240 Y880 Z880 A2 B70 C0\n,15,55,55,2,70,0,Enabled,  28.530,  11.385,-1324.641, 0.1262577, 0.7414399, 0.6551264,-0.0716604,0.19490765035152435,Enabled,  73.274,  91.340,-1295.611, 0.0180504, 0.0227262,-0.7298662, 0.6829736,0.21777652204036713,
G0 X240 Y880 Z880 A2 B70 C0\n,15,55,55,2,70,0,Enabled,  28.533,  11.390,-1324.623, 0.1272139, 0.7412711, 0.6552401,-0.0706694,0.19749771058559418,Enabled,  73.272,  91.374,-1295.625, 0.0180974, 0.0227695,-0.7299758, 0.6828539,0.22123472392559052,
G0 X240 Y880 Z880 A2 B70 C0\n,15,55,55,2,70,0,Enabled,  28.525,  11.377,-1324.647, 0.1261207, 0.7414559, 0.6551106,-0.0718813,0.19638173282146454,Enabled,  73.289,  91.371,-1295.624, 0.0180050, 0.0226984,-0.7299643, 0.6828709,0.21919795870780945,
G0 X240 Y880 Z880 A2 B70 C0\n,15,55,55,2,70,0,Enabled,  28.538,  11.361,-1324.772, 0.1255205, 0.7415425, 0.6550150,-0.0729018,0.20558126270771027,Enabled,  73.266,  91.361,-1295.601, 0.0181007, 0.0227675,-0.7299241, 0.6829090,0.21671952307224274,
G0 X240 Y880 Z880 A2 B70 C0\n,15,55,55,2,70,0,Enabled,  28.521,  11.374,-1324.724, 0.1264698, 0.7413415, 0.6551809,-0.0718058,0.19727684557437897,Enabled,  73.260,  91.339,-1295.599, 0.0181334, 0.0228076,-0.7298549, 0.6829808,0.21832837164402008,
G0 X240 Y880 Z880 A2 B70 C0\n,15,55,55,2,70,0,Enabled,  28.531,  11.357,-1324.825, 0.1249219, 0.7416119, 0.6549572,-0.0737382,0.2056790590286255,Enabled,  73.276,  91.361,-1295.620, 0.0180341, 0.0227062,-0.7299159, 0.6829216,0.2176290601491928,
G0 X240 Y880 Z880 A2 B70 C0\n,15,55,55,2,70,0,Enabled,  28.548,  11.403,-1324.694, 0.1261431, 0.7413962, 0.6551531,-0.0720690,0.1998845338821411,Enabled,  73.254,  91.381,-1295.614, 0.0181628, 0.0228570,-0.7299820, 0.6828425,0.2203371524810791,
G0 X240 Y880 Z880 A2 B70 C0\n,15,55,55,2,70,0,Enabled,  28.547,  11.401,-1324.646, 0.1262969, 0.7413841, 0.6551589,-0.0718715,0.20041760802268982,Enabled,  73.319,  91.342,-1295.632, 0.0179219, 0.0225666,-0.7298629, 0.6829858,0.21784400939941406,
G0 X240 Y880 Z880 A2 B70 C0\n,15,55,55,2,70,0,Enabled,  28.528,  11.392,-1324.662, 0.1261792, 0.7413895, 0.6551616,-0.0719983,0.20186780393123627,Enabled,  73.249,  91.352,-1295.609, 0.0181040, 0.0227646,-0.7298974, 0.6829376,0.22025752067565918,
G0 X240 Y880 Z880 A2 B70 C0\n,15,55,55,2,70,0,Enabled,  28.547,  11.384,-1324.625, 0.1264496, 0.7413277, 0.6552200,-0.0716270,0.20448234677314758,Enabled,  73.294,  91.361,-1295.616, 0.0180642, 0.0227331,-0.7299256, 0.6829096,0.21619802713394165,
G0 X448 Y960 Z960 A-66 B-77 C0\n,28,60,60,-66,-77,0,Enabled,  60.407,  -0.598,-1259.115, 0.0445779, 0.7796518, 0.6115517,-0.1271234,0.20604893565177917,Enabled,  73.232,  91.389,-1295.625, 0.0181623, 0.0227543,-0.7299564, 0.6828733,0.2188575267791748,
G0 X448 Y960 Z960 A-66 B-77 C0\n,28,60,60,-66,-77,0,Enabled,  60.422,  -0.593,-1259.097, 0.0448515, 0.7796296, 0.6116288,-0.1267918,0.20557038486003876,Enabled,  73.275,  91.371,-1295.624, 0.0181124, 0.0227117,-0.7298993, 0.6829371,0.21764899790287018,
G0 X448 Y960 Z960 A-66 B-77 C0\n,28,60,60,-66,-77,0,Enabled,  60.448,  -0.625,-1259.196, 0.0453855, 0.7796290, 0.6116235,-0.1266317,0.20989254117012024,Enabled,  73.269,  91.378,-1295.612, 0.0181550, 0.0227752,-0.7299329, 0.6828980,0.21780183911323547,
G0 X448 Y960 Z960 A-66 B-77 C0\n,28,60,60,-66,-77,0,Enabled,  60.407,  -0.627,-1259.169, 0.0447551, 0.7796511, 0.6115333,-0.1271542,0.20397032797336578,Enabled,  73.240,  91.378,-1295.629, 0.0181305, 0.0227190,-0.7299293, 0.6829044,0.22164523601531982,
G0 X448 Y960 Z960 A-66 B-77 C0\n,28,60,60,-66,-77,0,Enabled,  60.438,  -0.659,-1259.275, 0.0443173, 0.7796709, 0.6114054,-0.1277992,0.20733249187469482,Enabled,  73.256,  91.376,-1295.617, 0.0181775, 0.0227784,-0.7299506, 0.6828783,0.21857820451259613,
G0 X448 Y960 Z960 A-66 B-77 C0\n,28,60,60,-66,-77,0,Enabled,  60.440,  -0.622,-1259.165, 0.0450333, 0.7796385, 0.6115911,-0.1268549,0.2031431943178177,Enabled,  73.268,  91.376,-1295.627, 0.0181465, 0.0227573,-0.7299407, 0.6828904,0.2208736538887024,
G0 X448 Y960 Z960 A-66 B-77 C0\n,28,60,60,-66,-77,0,Enabled,  60.411,  -0.625,-1259.220, 0.0452568, 0.7796267, 0.6115929,-0.1268391,0.20857085287570953,Enabled,  73.218,  91.386,-1295.618, 0.0182285, 0.0228240,-0.7299315, 0.6828959,0.2212633192539215,
G0 X448 Y960 Z960 A-66 B-77 C0\n,28,60,60,-66,-77,0,Enabled,  60.431,  -0.629,-1259.161, 0.0449779, 0.7796360, 0.6115846,-0.1269212,0.20687071979045868,Enabled,  73.269,  91.372,-1295.629, 0.0181387, 0.0227678,-0.7299250, 0.6829071,0.2206137627363205,
G0 X448 Y960 Z960 A-66 B-77 C0\n,28,60,60,-66,-77,0,Enabled,  60.402,  -0.634,-1259.165, 0.0450638, 0.7795936, 0.6116447,-0.1268615,0.20791180431842804,Enabled,  73.273,  91.365,-1295.624, 0.0181057, 0.0226849,-0.7298935, 0.6829444,0.21878278255462646,
G0 X448 Y960 Z960 A-66 B-77 C0\n,28,60,60,-66,-77,0,Enabled,  60.374,  -0.613,-1259.094, 0.0450986, 0.7795708, 0.6117183,-0.1266346,0.20543032884597778,Enabled,  73.255,  91.394,-1295.637, 0.0181089, 0.0227056,-0.7299815, 0.6828496,0.21861621737480164,
G0 X448 Y960 Z960 A-66 B-77 C0\n,28,60,60,-66,-77,0,Enabled,  60.424,  -0.616,-1259.134, 0.0450694, 0.7796134, 0.6116327,-0.1267958,0.20965248346328735,Enabled,  73.268,  91.381,-1295.629, 0.0181603, 0.0227552,-0.7299578, 0.6828719,0.21954551339149475,
G0 X448 Y960 Z960 A-66 B-77 C0\n,28,60,60,-66,-77,0,Enabled,  60.406,  -0.587,-1259.148, 0.0442791, 0.7796419, 0.6115346,-0.1273707,0.20990315079689026,Enabled,  73.271,  91.364,-1295.631, 0.0181005, 0.0226790,-0.7298969, 0.6829410,0.2194495052099228,
G0 X448 Y960 Z960 A-66 B-77 C0\n,28,60,60,-66,-77,0,Enabled,  60.400,  -0.567,-1259.123, 0.0450909, 0.7796381, 0.6116548,-0.1265290,0.20745772123336792,Enabled,  73.248,  91.370,-1295.631, 0.0181362, 0.0227316,-0.7298960, 0.6829394,0.217995285987854,
G0 X448 Y960 Z960 A-66 B-77 C0\n,28,60,60,-66,-77,0,Enabled,  60.447,  -0.548,-1259.055, 0.0447611, 0.7796745, 0.6116242,-0.1265698,0.20491231977939606,Enabled,  73.294,  91.368,-1295.631, 0.0180730, 0.0226600,-0.7299024, 0.6829365,0.21865728497505188,
G0 X448 Y960 Z960 A-66 B-77 C0\n,28,60,60,-66,-77,0,Enabled,  60.447,  -0.535,-1258.985, 0.0455353, 0.7796335, 0.6117793,-0.1257948,0.204705610871315,Enabled,  73.239,  91.350,-1295.604, 0.0182144, 0.0228189,-0.7298515, 0.6829818,0.21936966478824615,
G0 X448 Y960 Z960 A-66 B-77 C0\n,28,60,60,-66,-77,0,Enabled,  60.418,  -0.546,-1259.012, 0.0456746, 0.7796094, 0.6118059,-0.1257644,0.20327186584472656,Enabled,  73.273,  91.363,-1295.641, 0.0180416, 0.0225931,-0.7298896, 0.6829533,0.218217670917511,
G0 X448 Y960 Z960 A-66 B-77 C0\n,28,60,60,-66,-77,0,Enabled,  60.452,  -0.536,-1258.990, 0.0454987, 0.7796105, 0.6117924,-0.1258868,0.20574931800365448,Enabled,  73.263,  91.378,-1295.616, 0.0181739, 0.0227868,-0.7299413, 0.6828881,0.22124284505844116,
G0 X448 Y960 Z960 A-66 B-77 C0\n,28,60,60,-66,-77,0,Enabled,  60.445,  -0.550,-1259.001, 0.0451281, 0.7796298, 0.6117222,-0.1262408,0.20580732822418213,Enabled,  73.257,  91.355,-1295.608, 0.0181771, 0.0227526,-0.7298537, 0.6829827,0.22000952064990997,
G0 X448 Y960 Z960 A-66 B-77 C0\n,28,60,60,-66,-77,0,Enabled,  60.420,  -0.566,-1259.062, 0.0458601, 0.7795967, 0.6117949,-0.1258283,0.2101963609457016,Enabled,  73.202,  91.365,-1295.607, 0.0182651, 0.0228566,-0.7299000, 0.6829275,0.2211594581604004,
G0 X448 Y960 Z960 A-66 B-77 C0\n,28,60,60,-66,-77,0,Enabled,  60.462,  -0.574,-1259.083, 0.0451384, 0.7796280, 0.6116753,-0.1264750,0.2075214684009552,Enabled,  73.291,  91.373,-1295.634, 0.0180822, 0.0226749,-0.7299334, 0.6829026,0.2185700535774231,
G0 X0 Y496 Z496 A29 B7 C0\n,0,31,31,29,7,0,Enabled,  32.115,  31.021,-1313.634, 0.0912353, 0.7539816, 0.6372237,-0.1308967,0.2107044756412506,Enabled,  73.286,  91.337,-1295.620, 0.0180326, 0.0226830,-0.7298322, 0.6830119,0.21741847693920135,
G0 X0 Y496 Z496 A29 B7 C0\n,0,31,31,29,7,0,Enabled,  32.091,  31.036,-1313.536, 0.0915701, 0.7539173, 0.6373840,-0.1302507,0.20631663501262665,Enabled,  73.272,  91.375,-1295.643, 0.0181131, 0.0227663,-0.7299626, 0.6828675,0.21933646500110626,
G0 X0 Y496 Z496 A29 B7 C0\n,0,31,31,29,7,0,Enabled,  32.086,  31.024,-1313.588, 0.0907897, 0.7540541, 0.6371673,-0.1310634,0.2106669843196869,Enabled,  73.288,  91.373,-1295.636, 0.0180167, 0.0226851,-0.7299375, 0.6828997,0.21811926364898682,
G0 X0 Y496 Z496 A29 B7 C0\n,0,31,31,29,7,0,Enabled,  32.120,  31.057,-1313.448, 0.0918567, 0.7540165, 0.6373574,-0.1296033,0.2070273607969284,Enabled,  73.246,  91.391,-1295.623, 0.0181703, 0.0228229,-0.7299999, 0.6828244,0.2206975519657135,
G0 X0 Y496 Z496 A29 B7 C0\n,0,31,31,29,7,0,Enabled,  32.133,  31.024,-1313.523, 0.0917532, 0.7540415, 0.6372761,-0.1299304,0.20631107687950134,Enabled,  73.268,  91.375,-1295.634, 0.0181209, 0.0227990,-0.7299793, 0.6828485,0.21917764842510223,
G0 X0 Y496 Z496 A29 B7 C0\n,0,31,31,29,7,0,Enabled,  32.093,  31.022,-1313.501, 0.0914297, 0.7540266, 0.6372825,-0.1302133,0.199868306517601,Enabled,  73.288,  91.399,-1295.651, 0.0180065, 0.0226983,-0.7300528, 0.6827763,0.21933992207050323,
G0 X0 Y496 Z496 A29 B7 C0\n,0,31,31,29,7,0,Enabled,  32.062,  30.978,-1313.640, 0.0914439, 0.7539477, 0.6372842,-0.1306514,0.2132234424352646,Enabled,  73.267,  91.366,-1295.624, 0.0181200, 0.0227843,-0.7299237, 0.6829085,0.21910357475280762,
G0 X0 Y496 Z496 A29 B7 C0\n,0,31,31,29,7,0,Enabled,  32.047,  30.971,-1313.584, 0.0907587, 0.7540151, 0.6371869,-0.1312134,0.20528851449489594,Enabled,  73.284,  91.349,-1295.619, 0.0180738, 0.0227288,-0.7298694, 0.6829695,0.2184586524963379,
G0 X0 Y496 Z496 A29 B7 C0\n,0,31,31,29,7,0,Enabled,  32.039,  30.970,-1313.594, 0.0919543, 0.7539148, 0.6373539,-0.1301414,0.20172855257987976,Enabled,  73.243,  91.393,-1295.627, 0.0181209, 0.0228129,-0.7300207, 0.6828038,0.21810978651046753,
G0 X0 Y496 Z496 A29 B7 C0\n,0,31,31,29,7,0,Enabled,  32.084,  30.883,-1313.832, 0.0914361, 0.7540011, 0.6370751,-0.1313668,0.20685012638568878,Enabled,  73.289,  91.363,-1295.633, 0.0180499, 0.0227214,-0.7299278, 0.6829080,0.21938152611255646,
G0 X0 Y496 Z496 A29 B7 C0\n,0,31,31,29,7,0,Enabled,  32.066,  30.856,-1313.823, 0.0918049, 0.7539369, 0.6371523,-0.1311030,0.20293767750263214,Enabled,  73.253,  91.372,-1295.633, 0.0181627, 0.0228616,-0.7299669, 0.6828586,0.21982567012310028,
G0 X0 Y496 Z496 A29 B7 C0\n,0,31,31,29,7,0,Enabled,  31.996,  30.781,-1314.016, 0.0912912, 0.7538913, 0.6370450,-0.1322398,0.2046331763267517,Enabled,  73.236,  91.358,-1295.616, 0.0181674, 0.0228324,-0.7299165, 0.6829133,0.21693988144397736,
G0 X0 Y496 Z496 A29 B7 C0\n,0,31,31,29,7,0,Enabled,  32.003,  30.773,-1314.020, 0.0925493, 0.7536941, 0.6373335,-0.1310951,0.21230149269104004,Enabled,  73.290,  91.370,-1295.632, 0.0180682, 0.0227322,-0.7299536, 0.6828796,0.218129962682724,
G0 X0 Y496 Z496 A29 B7 C0\n,0,31,31,29,7,0,Enabled,  31.970,  30.784,-1314.038, 0.0920366, 0.7536905, 0.6373023,-0.1316269,0.20658321678638458,Enabled,  73.288,  91.400,-1295.648, 0.0180311, 0.0226933,-0.7300242, 0.6828064,0.21721789240837097,
G0 X0 Y496 Z496 A29 B7 C0\n,0,31,31,29,7,0,Enabled,  31.956,  30.800,-1314.054, 0.0917969, 0.7536841, 0.6372933,-0.1318746,0.2096216231584549,Enabled,  73.269,  91.376,-1295.640, 0.0180584, 0.0227392,-0.7299367, 0.6828977,0.22062227129936218,
G0 X0 Y496 Z496 A29 B7 C0\n,0,31,31,29,7,0,Enabled,  31.976,  30.837,-1313.951, 0.0919026, 0.7536457, 0.6374179,-0.1314174,0.20461194217205048,Enabled,  73.293,  91.364,-1295.627, 0.0180594, 0.0227047,-0.7299313, 0.6829046,0.21820802986621857,
G0 X0 Y496 Z496 A29 B7 C0\n,0,31,31,29,7,0,Enabled,  31.965,  30.859,-1313.887, 0.0920041, 0.7536204, 0.6374983,-0.1311007,0.19855988025665283,Enabled,  73.281,  91.359,-1295.627, 0.0180270, 0.0227298,-0.7299418, 0.6828933,0.22011931240558624,
G0 X0 Y496 Z496 A29 B7 C0\n,0,31,31,29,7,0,Enabled,  31.952,  30.801,-1314.089, 0.0920325, 0.7536074, 0.6373861,-0.1316994,0.2100687175989151,Enabled,  73.275,  91.363,-1295.631, 0.0180646, 0.0227088,-0.7299236, 0.6829126,0.21607932448387146,
G0 X0 Y496 Z496 A29 B7 C0\n,0,31,31,29,7,0,Enabled,  31.970,  30.815,-1314.004, 0.0916608, 0.7536933, 0.6373261,-0.1317583,0.20197749137878418,Enabled,  73.285,  91.387,-1295.635, 0.0180762, 0.0227106,-0.7299915, 0.6828396,0.21877554059028625,
G0 X0 Y496 Z496 A29 B7 C0\n,0,31,31,29,7,0,Enabled,  31.952,  30.790,-1314.078, 0.0914785, 0.7537096, 0.6372566,-0.1321271,0.20765654742717743,Enabled,  73.283,  91.399,-1295.639, 0.0180231, 0.0227147,-0.7300198, 0.6828106,0.21881569921970367,
G0 X368 Y896 Z896 A18 B-77 C0\n,23,56,56,18,-77,0,Enabled,  35.896,   2.228,-1290.375, 0.0683946, 0.7343146, 0.6433465,-0.2054495,0.23825986683368683,Enabled,  73.288,  91.375,-1295.611, 0.0181159, 0.0227563,-0.7299354, 0.6828970,0.22019213438034058,
G0 X368 Y896 Z896 A18 B-77 C0\n,23,56,56,18,-77,0,Enabled,  35.858,   2.244,-1290.300, 0.0674990, 0.7343817, 0.6431575,-0.2060967,0.23037825524806976,Enabled,  73.225,  91.389,-1295.598, 0.0182148, 0.0228752,-0.7299786, 0.6828442,0.21931736171245575,
G0 X368 Y896 Z896 A18 B-77 C0\n,23,56,56,18,-77,0,Enabled,  35.880,   2.235,-1290.313, 0.0679984, 0.7343330, 0.6432970,-0.2056703,0.23265483975410461,Enabled,  73.264,  91.367,-1295.597, 0.0181734, 0.0227929,-0.7298833, 0.6829499,0.21901625394821167,
G0 X368 Y896 Z896 A18 B-77 C0\n,23,56,56,18,-77,0,Enabled,  35.850,   2.202,-1290.355, 0.0679360, 0.7342976, 0.6432590,-0.2059359,0.2334347814321518,Enabled,  73.284,  91.387,-1295.612, 0.0180976, 0.0227480,-0.7299470, 0.6828852,0.2183115929365158,
G0 X368 Y896 Z896 A18 B-77 C0\n,23,56,56,18,-77,0,Enabled,  35.812,   2.231,-1290.273, 0.0672906, 0.7343369, 0.6431619,-0.2063106,0.2351614385843277,Enabled,  73.245,  91.391,-1295.608, 0.0181341, 0.0227858,-0.7299564, 0.6828730,0.21939073503017426,
G0 X368 Y896 Z896 A18 B-77 C0\n,23,56,56,18,-77,0,Enabled,  35.868,   2.255,-1290.223, 0.0673742, 0.7343732, 0.6431896,-0.2060675,0.23730908334255219,Enabled,  73.308,  91.375,-1295.613, 0.0180353, 0.0226841,-0.7299175, 0.6829207,0.2201111912727356,
G0 X368 Y896 Z896 A18 B-77 C0\n,23,56,56,18,-77,0,Enabled,  35.859,   2.238,-1290.225, 0.0672538, 0.7344151, 0.6431093,-0.2062079,0.2351154386997223,Enabled,  73.264,  91.353,-1295.601, 0.0181338, 0.0227656,-0.7298674, 0.6829688,0.21836638450622559,
G0 X368 Y896 Z896 A18 B-77 C0\n,23,56,56,18,-77,0,Enabled,  35.829,   2.220,-1290.276, 0.0664039, 0.7344367, 0.6428252,-0.2072900,0.2410506010055542,Enabled,  73.272,  91.357,-1295.602, 0.0180657, 0.0227015,-0.7298683, 0.6829718,0.21957412362098694,
G0 X368 Y896 Z896 A18 B-77 C0\n,23,56,56,18,-77,0,Enabled,  35.863,   2.251,-1290.162, 0.0660284, 0.7344738, 0.6427721,-0.2074427,0.23145098984241486,Enabled,  73.309,  91.372,-1295.609, 0.0180565, 0.0226902,-0.7299045, 0.6829337,0.2187327891588211,
G0 X368 Y896 Z896 A18 B-77 C0\n,23,56,56,18,-77,0,Enabled,  35.800,   2.218,-1290.229, 0.0652257, 0.7344736, 0.6425121,-0.2085004,0.2352820783853531,Enabled,  73.288,  91.351,-1295.600, 0.0180305, 0.0226643,-0.7298405, 0.6830037,0.21636857092380524,
G0 X368 Y896 Z896 A18 B-77 C0\n,23,56,56,18,-77,0,Enabled,  35.796,   2.198,-1290.284, 0.0651934, 0.7344736, 0.6424214,-0.2087894,0.23678141832351685,Enabled,  73.304,  91.367,-1295.616, 0.0179867, 0.0226220,-0.7298707, 0.6829740,0.2205055207014084,
G0 X368 Y896 Z896 A18 B-77 C0\n,23,56,56,18,-77,0,Enabled,  35.820,   2.189,-1290.314, 0.0651612, 0.7345038, 0.6423571,-0.2088912,0.23456810414791107,Enabled,  73.332,  91.359,-1295.619, 0.0179482, 0.0225821,-0.7298655, 0.6829819,0.21810171008110046,
G0 X368 Y896 Z896 A18 B-77 C0\n,23,56,56,18,-77,0,Enabled,  35.781,   2.192,-1290.323, 0.0651382, 0.7344940, 0.6423734,-0.2088826,0.22786790132522583,Enabled,  73.306,  91.379,-1295.624, 0.0179603, 0.0226206,-0.7299506, 0.6828893,0.21805593371391296,
G0 X368 Y896 Z896 A18 B-77 C0\n,23,56,56,18,-77,0,Enabled,  35.764,   2.147,-1290.438, 0.0647138, 0.7344915, 0.6421708,-0.2096446,0.23912560939788818,Enabled,  73.279,  91.366,-1295.607, 0.0180669, 0.0227116,-0.7299030, 0.6829343,0.21879471838474274,
G0 X368 Y896 Z896 A18 B-77 C0\n,23,56,56,18,-77,0,Enabled,  35.751,   2.134,-1290.418, 0.0648634, 0.7344334, 0.6422647,-0.2095148,0.23536981642246246,Enabled,  73.280,  91.348,-1295.594, 0.0181108, 0.0227466,-0.7298526, 0.6829858,0.21930553019046783,
G0 X368 Y896 Z896 A18 B-77 C0\n,23,56,56,18,-77,0,Enabled,  35.734,   2.174,-1290.343, 0.0662055, 0.7343062, 0.6427690,-0.2079888,0.2361934334039688,Enabled,  73.289,  91.381,-1295.616, 0.0180518, 0.0226906,-0.7299189, 0.6829184,0.21693815290927887,
G0 X368 Y896 Z896 A18 B-77 C0\n,23,56,56,18,-77,0,Enabled,  35.708,   2.142,-1290.425, 0.0660654, 0.7342740, 0.6426916,-0.2083856,0.23875127732753754,Enabled,  73.323,  91.376,-1295.623, 0.0179235, 0.0225678,-0.7299100, 0.6829355,0.2179238498210907,
G0 X368 Y896 Z896 A18 B-77 C0\n,23,56,56,18,-77,0,Enabled,  35.676,   2.102,-1290.486, 0.0652814, 0.7342593, 0.6424693,-0.2093678,0.23843908309936523,Enabled,  73.290,  91.374,-1295.606, 0.0180634, 0.0227045,-0.7299361, 0.6828994,0.21754176914691925,
G0 X368 Y896 Z896 A18 B-77 C0\n,23,56,56,18,-77,0,Enabled,  35.630,   2.117,-1290.444, 0.0658507, 0.7341449, 0.6427377,-0.2087657,0.23750770092010498,Enabled,  73.289,  91.418,-1295.627, 0.0180597, 0.0226992,-0.7300535, 0.6827741,0.21742331981658936,
G0 X368 Y896 Z896 A18 B-77 C0\n,23,56,56,18,-77,0,Enabled,  35.593,   2.123,-1290.414, 0.0655573, 0.7341193, 0.6427619,-0.2088738,0.2346230149269104,Enabled,  73.256,  91.352,-1295.597, 0.0181395, 0.0228001,-0.7298459, 0.6829906,0.21797296404838562,
G0 X240 Y512 Z512 A23 B3 C0\n,15,32,32,23,3,0,Enabled,  39.013,  24.583,-1309.586, 0.1547260, 0.7439078, 0.6384322,-0.1227411,0.20657114684581757,Enabled,  73.293,  91.356,-1295.614, 0.0181271, 0.0227405,-0.7298781, 0.6829584,0.2205664962530136,
G0 X240 Y512 Z512 A23 B3 C0\n,15,32,32,23,3,0,Enabled,  39.006,  24.631,-1309.564, 0.1554051, 0.7438467, 0.6384878,-0.1219619,0.20597468316555023,Enabled,  73.263,  91.397,-1295.629, 0.0180707, 0.0226924,-0.7299629, 0.6828709,0.21816809475421906,
G0 X240 Y512 Z512 A23 B3 C0\n,15,32,32,23,3,0,Enabled,  39.032,  24.639,-1309.611, 0.1548233, 0.7439836, 0.6383581,-0.1225445,0.21510884165763855,Enabled,  73.287,  91.359,-1295.615, 0.0180739, 0.0226787,-0.7298583, 0.6829830,0.2196872979402542,
G0 X240 Y512 Z512 A23 B3 C0\n,15,32,32,23,3,0,Enabled,  39.038,  24.660,-1309.524, 0.1549829, 0.7439395, 0.6384506,-0.1221273,0.21153473854064941,Enabled,  73.247,  91.354,-1295.593, 0.0182667, 0.0228950,-0.7298698, 0.6829585,0.22045840322971344,
G0 X240 Y512 Z512 A23 B3 C0\n,15,32,32,23,3,0,Enabled,  38.995,  24.702,-1309.459, 0.1546666, 0.7439790, 0.6384607,-0.1222346,0.20436951518058777,Enabled,  73.250,  91.344,-1295.603, 0.0181192, 0.0227172,-0.7298148, 0.6830270,0.2188916951417923,
G0 X240 Y512 Z512 A23 B3 C0\n,15,32,32,23,3,0,Enabled,  39.013,  24.667,-1309.575, 0.1544065, 0.7440065, 0.6383886,-0.1227726,0.21288961172103882,Enabled,  73.294,  91.342,-1295.614, 0.0180696, 0.0226816,-0.7298344, 0.6830087,0.21983137726783752,
G0 X240 Y512 Z512 A23 B3 C0\n,15,32,32,23,3,0,Enabled,  38.998,  24.692,-1309.473, 0.1541256, 0.7440421, 0.6384295,-0.1226960,0.20463255047798157,Enabled,  73.304,  91.365,-1295.625, 0.0180535, 0.0226818,-0.7299214, 0.6829160,0.21797598898410797,
G0 X240 Y512 Z512 A23 B3 C0\n,15,32,32,23,3,0,Enabled,  38.956,  24.688,-1309.472, 0.1547769, 0.7438932, 0.6385570,-0.1221144,0.21198813617229462,Enabled,  73.258,  91.365,-1295.609, 0.0180863, 0.0226820,-0.7298812, 0.6829582,0.21893928945064545,
G0 X240 Y512 Z512 A23 B3 C0\n,15,32,32,23,3,0,Enabled,  38.984,  24.674,-1309.485, 0.1542783, 0.7439843, 0.6384755,-0.1226151,0.21092218160629272,Enabled,  73.302,  91.377,-1295.627, 0.0180497, 0.0226774,-0.7299203, 0.6829174,0.21917608380317688,
G0 X240 Y512 Z512 A23 B3 C0\n,15,32,32,23,3,0,Enabled,  38.972,  24.667,-1309.515, 0.1542148, 0.7439674, 0.6384815,-0.1227671,0.21692828834056854,Enabled,  73.278,  91.380,-1295.619, 0.0181284, 0.0227647,-0.7299435, 0.6828877,0.2203059196472168,
G0 X240 Y512 Z512 A23 B3 C0\n,15,32,32,23,3,0,Enabled,  38.923,  24.724,-1309.354, 0.1543573, 0.7439221, 0.6386284,-0.1220964,0.20407582819461823,Enabled,  73.233,  91.365,-1295.618, 0.0181511, 0.0227804,-0.7298948, 0.6829386,0.219602569937706,
G0 X240 Y512 Z512 A23 B3 C0\n,15,32,32,23,3,0,Enabled,  38.950,  24.666,-1309.461, 0.1543748, 0.7439001, 0.6385819,-0.1224509,0.21263831853866577,Enabled,  73.287,  91.357,-1295.614, 0.0181253, 0.0227654,-0.7299039, 0.6829301,0.22117191553115845,
G0 X240 Y512 Z512 A23 B3 C0\n,15,32,32,23,3,0,Enabled,  38.932,  24.691,-1309.389, 0.1540919, 0.7439386, 0.6385933,-0.1225142,0.2092772275209427,Enabled,  73.308,  91.357,-1295.624, 0.0180423, 0.0226659,-0.7298799, 0.6829612,0.22042781114578247,
G0 X240 Y512 Z512 A23 B3 C0\n,15,32,32,23,3,0,Enabled,  38.883,  24.722,-1309.346, 0.1543457, 0.7438827, 0.6386739,-0.1221131,0.21043533086776733,Enabled,  73.260,  91.369,-1295.626, 0.0180421, 0.0226406,-0.7299032, 0.6829371,0.21638083457946777,
G0 X240 Y512 Z512 A23 B3 C0\n,15,32,32,23,3,0,Enabled,  38.938,  24.689,-1309.415, 0.1537410, 0.7440180, 0.6385109,-0.1229010,0.21199224889278412,Enabled,  73.306,  91.343,-1295.614, 0.0180830, 0.0226956,-0.7298245, 0.6830184,0.22006376087665558,
G0 X240 Y512 Z512 A23 B3 C0\n,15,32,32,23,3,0,Enabled,  38.942,  24.721,-1309.338, 0.1537879, 0.7440493, 0.6385180,-0.1226160,0.21117642521858215,Enabled,  73.343,  91.352,-1295.627, 0.0179194, 0.0225206,-0.7298301, 0.6830225,0.21693538129329681,
G0 X240 Y512 Z512 A23 B3 C0\n,15,32,32,23,3,0,Enabled,  38.903,  24.720,-1309.329, 0.1543663, 0.7439868, 0.6385821,-0.1219323,0.20838366448879242,Enabled,  73.208,  91.385,-1295.610, 0.0181879, 0.0228236,-0.7299462, 0.6828813,0.21962817013263702,
G0 X240 Y512 Z512 A23 B3 C0\n,15,32,32,23,3,0,Enabled,  39.014,  24.664,-1309.427, 0.1545401, 0.7440253, 0.6384546,-0.1221452,0.21420280635356903,Enabled,  73.320,  91.344,-1295.615, 0.0180650, 0.0226751,-0.7298418, 0.6830010,0.22139941155910492,
G0 X240 Y512 Z512 A23 B3 C0\n,15,32,32,23,3,0,Enabled,  38.972,  24.706,-1309.342, 0.1548699, 0.7439358, 0.6385940,-0.1215424,0.20041432976722717,Enabled,  73.235,  91.384,-1295.609, 0.0182462, 0.0228902,-0.7299731, 0.6828487,0.22268806397914886,
G0 X240 Y512 Z512 A23 B3 C0\n,15,32,32,23,3,0,Enabled,  38.924,  24.670,-1309.452, 0.1546035, 0.7439693, 0.6385106,-0.1221133,0.21098355948925018,Enabled,  73.255,  91.349,-1295.618, 0.0180591, 0.0226503,-0.7298345, 0.6830098,0.2198522537946701,
G0 X448 Y720 Z720 A89 B53 C0\n,28,45,45,89,53,0,Enabled,  63.860,  14.061,-1334.021, 0.0999056, 0.7852109, 0.6049471,-0.0866128,0.19806520640850067,Enabled,  73.262,  91.369,-1295.613, 0.0180951, 0.0227451,-0.7299262, 0.6829077,0.2200120985507965,
G0 X448 Y720 Z720 A89 B53 C0\n,28,45,45,89,53,0,Enabled,  63.847,  14.045,-1334.082, 0.0999059, 0.7852235, 0.6048910,-0.0868892,0.19860604405403137,Enabled,  73.210,  91.375,-1295.604, 0.0182050, 0.0228420,-0.7299424, 0.6828843,0.22058765590190887,
G0 X448 Y720 Z720 A89 B53 C0\n,28,45,45,89,53,0,Enabled,  63.914,  14.059,-1334.025, 0.1002996, 0.7851790, 0.6049546,-0.0863931,0.19872526824474335,Enabled,  73.315,  91.339,-1295.606, 0.0180661, 0.0226984,-0.7298405, 0.6830016,0.21718667447566986,
G0 X448 Y720 Z720 A89 B53 C0\n,28,45,45,89,53,0,Enabled,  63.852,  14.079,-1334.025, 0.1004961, 0.7851332, 0.6050140,-0.0861653,0.19551056623458862,Enabled,  73.254,  91.350,-1295.616, 0.0180911, 0.0227337,-0.7298402, 0.6830000,0.2202877253293991,
G0 X448 Y720 Z720 A89 B53 C0\n,28,45,45,89,53,0,Enabled,  63.851,  14.073,-1334.057, 0.1001941, 0.7851530, 0.6049699,-0.0866449,0.1971491128206253,Enabled,  73.243,  91.404,-1295.630, 0.0181229, 0.0227603,-0.7299929, 0.6828352,0.22036217153072357,
G0 X448 Y720 Z720 A89 B53 C0\n,28,45,45,89,53,0,Enabled,  63.925,  14.058,-1334.029, 0.1008322, 0.7850797, 0.6050403,-0.0860750,0.20119932293891907,Enabled,  73.315,  91.366,-1295.628, 0.0180840, 0.0227048,-0.7298915, 0.6829464,0.21967396140098572,
G0 X448 Y720 Z720 A89 B53 C0\n,28,45,45,89,53,0,Enabled,  63.847,  14.076,-1333.912, 0.1006273, 0.7850831, 0.6050838,-0.0859787,0.19104717671871185,Enabled,  73.224,  91.364,-1295.614, 0.0181522, 0.0228091,-0.7299113, 0.6829200,0.2196420431137085,
G0 X448 Y720 Z720 A89 B53 C0\n,28,45,45,89,53,0,Enabled,  63.863,  14.054,-1333.978, 0.1007244, 0.7850577, 0.6050795,-0.0861266,0.1994793564081192,Enabled,  73.276,  91.358,-1295.629, 0.0180625, 0.0226551,-0.7298949, 0.6829450,0.21880994737148285,
G0 X448 Y720 Z720 A89 B53 C0\n,28,45,45,89,53,0,Enabled,  63.915,  14.052,-1333.973, 0.1003145, 0.7851115, 0.6050262,-0.0864877,0.2007848024368286,Enabled,  73.319,  91.370,-1295.616, 0.0180433, 0.0226891,-0.7299412, 0.6828949,0.21832174062728882,
G0 X448 Y720 Z720 A89 B53 C0\n,28,45,45,89,53,0,Enabled,  63.843,  14.056,-1334.006, 0.0999855, 0.7851499, 0.6049798,-0.0868451,0.1977289617061615,Enabled,  73.260,  91.402,-1295.636, 0.0179889, 0.0226450,-0.7300116, 0.6828225,0.2184758186340332,
G0 X448 Y720 Z720 A89 B53 C0\n,28,45,45,89,53,0,Enabled,  63.893,  14.079,-1333.940, 0.0999800, 0.7851714, 0.6049901,-0.0865841,0.19636233150959015,Enabled,  73.287,  91.383,-1295.624, 0.0180629, 0.0226762,-0.7299281, 0.6829089,0.2208503782749176,
G0 X448 Y720 Z720 A89 B53 C0\n,28,45,45,89,53,0,Enabled,  63.887,  14.089,-1333.897, 0.1007405, 0.7850305, 0.6051453,-0.0858931,0.19673602283000946,Enabled,  73.290,  91.374,-1295.614, 0.0181142, 0.0227478,-0.7299195, 0.6829143,0.21752724051475525,
G0 X448 Y720 Z720 A89 B53 C0\n,28,45,45,89,53,0,Enabled,  63.862,  14.098,-1333.859, 0.1008398, 0.7850592, 0.6051248,-0.0856582,0.19593410193920135,Enabled,  73.229,  91.380,-1295.612, 0.0181130, 0.0227392,-0.7299318, 0.6829014,0.21893179416656494,
G0 X448 Y720 Z720 A89 B53 C0\n,28,45,45,89,53,0,Enabled,  63.925,  14.034,-1334.020, 0.0999968, 0.7851737, 0.6049307,-0.0869584,0.1956428736448288,Enabled,  73.272,  91.364,-1295.611, 0.0181359, 0.0227505,-0.7299200, 0.6829131,0.22061873972415924,
G0 X448 Y720 Z720 A89 B53 C0\n,28,45,45,89,53,0,Enabled,  63.912,  14.038,-1333.972, 0.1001575, 0.7851256, 0.6049855,-0.0868256,0.20131386816501617,Enabled,  73.296,  91.359,-1295.621, 0.0180613, 0.0226728,-0.7299066, 0.6829320,0.2167503982782364,
G0 X448 Y720 Z720 A89 B53 C0\n,28,45,45,89,53,0,Enabled,  63.868,  14.045,-1334.010, 0.1003097, 0.7851220, 0.6049660,-0.0868187,0.20042189955711365,Enabled,  73.229,  91.367,-1295.610, 0.0181239, 0.0227581,-0.7298970, 0.6829378,0.21936334669589996,
G0 X448 Y720 Z720 A89 B53 C0\n,28,45,45,89,53,0,Enabled,  63.894,  14.058,-1333.974, 0.0992173, 0.7852057, 0.6049216,-0.0876225,0.19721005856990814,Enabled,  73.299,  91.384,-1295.622, 0.0180659, 0.0227009,-0.7299396, 0.6828956,0.21816939115524292,
G0 X448 Y720 Z720 A89 B53 C0\n,28,45,45,89,53,0,Enabled,  63.878,  14.057,-1333.978, 0.0997939, 0.7851149, 0.6050000,-0.0872401,0.20043295621871948,Enabled,  73.328,  91.358,-1295.639, 0.0179242, 0.0225272,-0.7298472, 0.6830038,0.21860040724277496,
G0 X448 Y720 Z720 A89 B53 C0\n,28,45,45,89,53,0,Enabled,  63.861,  14.028,-1334.059, 0.0990617, 0.7852134, 0.6048499,-0.0882228,0.19983422756195068,Enabled,  73.232,  91.381,-1295.624, 0.0181364, 0.0227898,-0.7299408, 0.6828895,0.22131364047527313,
G0 X448 Y720 Z720 A89 B53 C0\n,28,45,45,89,53,0,Enabled,  63.900,  14.047,-1333.972, 0.1004620, 0.7850229, 0.6050745,-0.0867839,0.19468383491039276,Enabled,  73.309,  91.348,-1295.619, 0.0180465, 0.0226715,-0.7298846, 0.6829559,0.21831771731376648,
G0 X112 Y304 Z304 A-1 B85 C0\n,7,19,19,-1,85,0,Enabled,  42.676,  36.852,-1314.235, 0.1015371, 0.7631919, 0.6307123,-0.0971097,0.19871363043785095,Enabled,  73.259,  91.404,-1295.610, 0.0180959, 0.0227337,-0.7299641, 0.6828676,0.2199108898639679,
G0 X112 Y304 Z304 A-1 B85 C0\n,7,19,19,-1,85,0,Enabled,  42.643,  36.853,-1314.321, 0.1011529, 0.7631890, 0.6307071,-0.0975666,0.19918163120746613,Enabled,  73.272,  91.403,-1295.614, 0.0180291, 0.0226481,-0.7299697, 0.6828662,0.21819095313549042,
G0 X112 Y304 Z304 A-1 B85 C0\n,7,19,19,-1,85,0,Enabled,  42.663,  36.902,-1314.153, 0.1013418, 0.7631027, 0.6308927,-0.0968432,0.19279147684574127,Enabled,  73.301,  91.387,-1295.612, 0.0180786, 0.0227115,-0.7299329, 0.6829022,0.21745002269744873,
G0 X112 Y304 Z304 A-1 B85 C0\n,7,19,19,-1,85,0,Enabled,  42.592,  36.869,-1314.278, 0.1014562, 0.7630342, 0.6309116,-0.0971388,0.20107504725456238,Enabled,  73.266,  91.379,-1295.614, 0.0180793, 0.0226964,-0.7298906, 0.6829477,0.21898752450942993,
G0 X112 Y304 Z304 A-1 B85 C0\n,7,19,19,-1,85,0,Enabled,  42.567,  36.856,-1314.288, 0.1018635, 0.7629705, 0.6309811,-0.0967611,0.20326602458953857,Enabled,  73.263,  91.388,-1295.623, 0.0180622, 0.0226857,-0.7299286, 0.6829080,0.22089700400829315,
G0 X112 Y304 Z304 A-1 B85 C0\n,7,19,19,-1,85,0,Enabled,  42.617,  36.868,-1314.204, 0.1016854, 0.7629988, 0.6309859,-0.0966944,0.202095627784729,Enabled,  73.295,  91.398,-1295.612, 0.0181007, 0.0227424,-0.7299522, 0.6828798,0.21889247000217438,
G0 X112 Y304 Z304 A-1 B85 C0\n,7,19,19,-1,85,0,Enabled,  42.580,  36.872,-1314.205, 0.1019246, 0.7629781, 0.6310006,-0.0965095,0.1996479481458664,Enabled,  73.240,  91.394,-1295.612, 0.0181612, 0.0227881,-0.7299230, 0.6829081,0.2204837203025818,
G0 X112 Y304 Z304 A-1 B85 C0\n,7,19,19,-1,85,0,Enabled,  42.570,  36.871,-1314.168, 0.1011777, 0.7630414, 0.6309536,-0.0970994,0.20168937742710114,Enabled,  73.272,  91.378,-1295.613, 0.0180525, 0.0226504,-0.7299023, 0.6829376,0.21991030871868134,
G0 X112 Y304 Z304 A-1 B85 C0\n,7,19,19,-1,85,0,Enabled,  42.575,  36.872,-1314.168, 0.1012960, 0.7629381, 0.6310688,-0.0970400,0.20236904919147491,Enabled,  73.291,  91.393,-1295.621, 0.0181318, 0.0227302,-0.7299489, 0.6828830,0.2179994285106659,
G0 X112 Y304 Z304 A-1 B85 C0\n,7,19,19,-1,85,0,Enabled,  42.515,  36.874,-1314.086, 0.1022672, 0.7627990, 0.6312447,-0.0959644,0.20309054851531982,Enabled,  73.300,  91.393,-1295.630, 0.0179464, 0.0225649,-0.7299541, 0.6828878,0.21638202667236328,
G0 X112 Y304 Z304 A-1 B85 C0\n,7,19,19,-1,85,0,Enabled,  42.517,  36.861,-1314.127, 0.1016781, 0.7628904, 0.6311532,-0.0964650,0.19923721253871918,Enabled,  73.275,  91.355,-1295.601, 0.0180663, 0.0226642,-0.7298248, 0.6830196,0.218671053647995,
G0 X112 Y304 Z304 A-1 B85 C0\n,7,19,19,-1,85,0,Enabled,  42.564,  36.844,-1314.178, 0.1011209, 0.7629851, 0.6310354,-0.0970706,0.20224380493164062,Enabled,  73.286,  91.395,-1295.608, 0.0181275, 0.0227601,-0.7299539, 0.6828767,0.2206498235464096,
G0 X112 Y304 Z304 A-1 B85 C0\n,7,19,19,-1,85,0,Enabled,  42.516,  36.888,-1314.031, 0.1021376, 0.7628453, 0.6312445,-0.0957362,0.2030394971370697,Enabled,  73.254,  91.371,-1295.606, 0.0180935, 0.0227056,-0.7298560, 0.6829841,0.21861591935157776,
G0 X112 Y304 Z304 A-1 B85 C0\n,7,19,19,-1,85,0,Enabled,  42.515,  36.863,-1314.116, 0.1018354, 0.7628400, 0.6312169,-0.0962809,0.20601686835289001,Enabled,  73.284,  91.396,-1295.628, 0.0180264, 0.0226422,-0.7299675, 0.6828688,0.21871435642242432,
G0 X112 Y304 Z304 A-1 B85 C0\n,7,19,19,-1,85,0,Enabled,  42.525,  36.882,-1314.028, 0.1028845, 0.7626945, 0.6314110,-0.0950365,0.20158594846725464,Enabled,  73.275,  91.368,-1295.608, 0.0181591, 0.0227826,-0.7298822, 0.6829517,0.21981941163539886,
G0 X112 Y304 Z304 A-1 B85 C0\n,7,19,19,-1,85,0,Enabled,  42.488,  36.906,-1313.985, 0.1020341, 0.7628298, 0.6312989,-0.0956109,0.1995399445295334,Enabled,  73.229,  91.394,-1295.607, 0.0181693, 0.0227692,-0.7299320, 0.6828987,0.22065086662769318,
G0 X112 Y304 Z304 A-1 B85 C0\n,7,19,19,-1,85,0,Enabled,  42.518,  36.896,-1314.023, 0.1017727, 0.7628639, 0.6312397,-0.0960081,0.19976702332496643,Enabled,  73.280,  91.375,-1295.598, 0.0180919, 0.0227093,-0.7298847, 0.6829533,0.21832849085330963,
G0 X112 Y304 Z304 A-1 B85 C0\n,7,19,19,-1,85,0,Enabled,  42.533,  36.913,-1314.026, 0.1025739, 0.7627586, 0.6313764,-0.0950881,0.19947147369384766,Enabled,  73.296,  91.368,-1295.612, 0.0180651, 0.0226940,-0.7298690, 0.6829714,0.22087125480175018,
G0 X112 Y304 Z304 A-1 B85 C0\n,7,19,19,-1,85,0,Enabled,  42.500,  36.940,-1313.958, 0.1025732, 0.7627520, 0.6314180,-0.0948651,0.19624876976013184,Enabled,  73.215,  91.398,-1295.618, 0.0182173, 0.0228282,-0.7299358, 0.6828914,0.21855072677135468,
G0 X112 Y304 Z304 A-1 B85 C0\n,7,19,19,-1,85,0,Enabled,  42.540,  36.922,-1313.992, 0.1028312, 0.7627357, 0.6314170,-0.0947230,0.19901561737060547,Enabled,  73.276,  91.352,-1295.602, 0.0181299, 0.0227309,-0.7298145, 0.6830266,0.2196839302778244,
G0 X336 Y720 Z720 A-61 B-33 C0\n,21,45,45,-61,-33,0,Enabled,  48.957,  12.026,-1270.581, 0.0990712, 0.7644393, 0.6149094,-0.1664450,0.2211054265499115,Enabled,  73.277,  91.386,-1295.641, 0.0181086, 0.0227908,-0.7299982, 0.6828288,0.21924051642417908,
G0 X336 Y720 Z720 A-61 B-33 C0\n,21,45,45,-61,-33,0,Enabled,  48.926,  11.985,-1270.686, 0.0992131, 0.7644346, 0.6148311,-0.1666704,0.2287338376045227,Enabled,  73.268,  91.342,-1295.626, 0.0180424, 0.0226996,-0.7298591, 0.6829823,0.21674975752830505,
G0 X336 Y720 Z720 A-61 B-33 C0\n,21,45,45,-61,-33,0,Enabled,  48.958,  12.012,-1270.625, 0.0993656, 0.7644894, 0.6148293,-0.1663354,0.21963001787662506,Enabled,  73.278,  91.350,-1295.631, 0.0179952, 0.0226714,-0.7298811, 0.6829610,0.21840062737464905,
G0 X336 Y720 Z720 A-61 B-33 C0\n,21,45,45,-61,-33,0,Enabled,  49.015,  11.964,-1270.738, 0.0997462, 0.7644824, 0.6147670,-0.1663695,0.2276841253042221,Enabled,  73.306,  91.361,-1295.630, 0.0180182, 0.0226693,-0.7298963, 0.6829442,0.21958822011947632,
G0 X336 Y720 Z720 A-61 B-33 C0\n,21,45,45,-61,-33,0,Enabled,  48.976,  11.938,-1270.768, 0.0988808, 0.7646080, 0.6145031,-0.1672819,0.2300548255443573,Enabled,  73.273,  91.381,-1295.646, 0.0180050, 0.0226738,-0.7299664, 0.6828695,0.21827808022499084,
G0 X336 Y720 Z720 A-61 B-33 C0\n,21,45,45,-61,-33,0,Enabled,  48.993,  11.916,-1270.788, 0.0996754, 0.7645612, 0.6146142,-0.1666142,0.22989720106124878,Enabled,  73.235,  91.383,-1295.640, 0.0181401, 0.0228425,-0.7299904, 0.6828346,0.2213684469461441,
G0 X336 Y720 Z720 A-61 B-33 C0\n,21,45,45,-61,-33,0,Enabled,  49.037,  11.929,-1270.729, 0.0994024, 0.7646235, 0.6145590,-0.1666950,0.22282660007476807,Enabled,  73.303,  91.370,-1295.643, 0.0180269, 0.0227093,-0.7299598, 0.6828748,0.21725262701511383,
G0 X336 Y720 Z720 A-61 B-33 C0\n,21,45,45,-61,-33,0,Enabled,  48.985,  11.917,-1270.762, 0.0996459, 0.7645782, 0.6146008,-0.1666036,0.22397087514400482,Enabled,  73.247,  91.359,-1295.636, 0.0180765, 0.0227565,-0.7299021, 0.6829336,0.21715795993804932,
G0 X336 Y720 Z720 A-61 B-33 C0\n,21,45,45,-61,-33,0,Enabled,  49.024,  11.886,-1270.800, 0.0994973, 0.7646231, 0.6144950,-0.1668765,0.22536997497081757,Enabled,  73.257,  91.379,-1295.640, 0.0180936, 0.0228076,-0.7299649, 0.6828643,0.22036658227443695,
G0 X336 Y720 Z720 A-61 B-33 C0\n,21,45,45,-61,-33,0,Enabled,  49.049,  11.865,-1270.832, 0.0992681, 0.7646605, 0.6144028,-0.1671804,0.2196800410747528,Enabled,  73.276,  91.362,-1295.630, 0.0181159, 0.0227670,-0.7299165, 0.6829169,0.21948513388633728,
G0 X336 Y720 Z720 A-61 B-33 C0\n,21,45,45,-61,-33,0,Enabled,  49.011,  11.869,-1270.837, 0.0995770, 0.7646500, 0.6144416,-0.1669015,0.21973362565040588,Enabled,  73.255,  91.371,-1295.625, 0.0180365, 0.0227202,-0.7299148, 0.6829224,0.21786503493785858,
G0 X336 Y720 Z720 A-61 B-33 C0\n,21,45,45,-61,-33,0,Enabled,  49.049,  11.813,-1270.964, 0.0986277, 0.7647892, 0.6140916,-0.1681118,0.22382734715938568,Enabled,  73.280,  91.389,-1295.651, 0.0180341, 0.0227450,-0.7299997, 0.6828308,0.21876969933509827,
G0 X336 Y720 Z720 A-61 B-33 C0\n,21,45,45,-61,-33,0,Enabled,  49.056,  11.835,-1270.895, 0.0997588, 0.7646639, 0.6144159,-0.1668245,0.22069965302944183,Enabled,  73.289,  91.335,-1295.635, 0.0180347, 0.0227300,-0.7298571, 0.6829836,0.21814091503620148,
G0 X336 Y720 Z720 A-61 B-33 C0\n,21,45,45,-61,-33,0,Enabled,  49.038,  11.833,-1270.862, 0.1004287, 0.7646006, 0.6145605,-0.1661786,0.2147889882326126,Enabled,  73.266,  91.336,-1295.627, 0.0180131, 0.0226818,-0.7298372, 0.6830072,0.2180831879377365,
G0 X336 Y720 Z720 A-61 B-33 C0\n,21,45,45,-61,-33,0,Enabled,  49.079,  11.767,-1271.016, 0.1001911, 0.7646803, 0.6143052,-0.1668980,0.23221488296985626,Enabled,  73.242,  91.390,-1295.616, 0.0181860, 0.0228700,-0.7299963, 0.6828262,0.22143156826496124,
G0 X336 Y720 Z720 A-61 B-33 C0\n,21,45,45,-61,-33,0,Enabled,  49.098,  11.791,-1270.941, 0.1001395, 0.7647477, 0.6142956,-0.1666551,0.21770557761192322,Enabled,  73.251,  91.400,-1295.631, 0.0181345, 0.0228513,-0.7300397, 0.6827818,0.2204417884349823,
G0 X336 Y720 Z720 A-61 B-33 C0\n,21,45,45,-61,-33,0,Enabled,  49.088,  11.792,-1270.951, 0.1006511, 0.7647120, 0.6143813,-0.1661943,0.22237133979797363,Enabled,  73.260,  91.384,-1295.642, 0.0180464, 0.0227227,-0.7299746, 0.6828580,0.21776370704174042,
G0 X336 Y720 Z720 A-61 B-33 C0\n,21,45,45,-61,-33,0,Enabled,  49.126,  11.782,-1270.935, 0.1009404, 0.7646849, 0.6144376,-0.1659352,0.2181825041770935,Enabled,  73.229,  91.385,-1295.622, 0.0182569, 0.0229363,-0.7299841, 0.6828352,0.2213897556066513,
G0 X336 Y720 Z720 A-61 B-33 C0\n,21,45,45,-61,-33,0,Enabled,  49.096,  11.723,-1271.083, 0.1003095, 0.7647461, 0.6141906,-0.1669468,0.22507184743881226,Enabled,  73.308,  91.384,-1295.660, 0.0179036, 0.0226259,-0.7299957, 0.6828424,0.2170112431049347,
G0 X336 Y720 Z720 A-61 B-33 C0\n,21,45,45,-61,-33,0,Enabled,  49.098,  11.722,-1271.061, 0.1007705, 0.7647213, 0.6142805,-0.1664517,0.21756263077259064,Enabled,  73.242,  91.379,-1295.629, 0.0181124, 0.0227900,-0.7299818, 0.6828464,0.21788127720355988,
G0 X528 Y1152 Z1152 A76 B-41 C0\n,33,72,72,76,-41,0,Enabled,  40.532, -10.921,-1322.450, 0.0848470, 0.7444798, 0.6505946,-0.1236020,0.20951057970523834,Enabled,  73.258,  91.365,-1295.623, 0.0181301, 0.0227290,-0.7299380, 0.6828947,0.2201737016439438,
G0 X528 Y1152 Z1152 A76 B-41 C0\n,33,72,72,76,-41,0,Enabled,  40.545, -10.920,-1322.454, 0.0849992, 0.7445121, 0.6505687,-0.1234393,0.20498864352703094,Enabled,  73.300,  91.370,-1295.646, 0.0179352, 0.0225234,-0.7299466, 0.6828975,0.21623143553733826,
G0 X528 Y1152 Z1152 A76 B-41 C0\n,33,72,72,76,-41,0,Enabled,  40.561, -10.925,-1322.441, 0.0849018, 0.7445290, 0.6505468,-0.1235199,0.2086831033229828,Enabled,  73.267,  91.368,-1295.630, 0.0181094, 0.0227064,-0.7299477, 0.6828857,0.22046329081058502,
G0 X528 Y1152 Z1152 A76 B-41 C0\n,33,72,72,76,-41,0,Enabled,  40.557, -10.913,-1322.406, 0.0835143, 0.7446656, 0.6503370,-0.1247409,0.2067701816558838,Enabled,  73.269,  91.360,-1295.625, 0.0180983, 0.0226684,-0.7299185, 0.6829185,0.21724346280097961,
G0 X528 Y1152 Z1152 A76 B-41 C0\n,33,72,72,76,-41,0,Enabled,  40.537, -10.922,-1322.440, 0.0846311, 0.7445465, 0.6505202,-0.1237396,0.2088679075241089,Enabled,  73.211,  91.404,-1295.621, 0.0182214, 0.0228580,-0.7300766, 0.6827398,0.22165969014167786,
G0 X528 Y1152 Z1152 A76 B-41 C0\n,33,72,72,76,-41,0,Enabled,  40.577, -10.911,-1322.410, 0.0845630, 0.7445774, 0.6504860,-0.1237804,0.2065306007862091,Enabled,  73.273,  91.368,-1295.638, 0.0181125, 0.0226992,-0.7299411, 0.6828929,0.22010047733783722,
G0 X528 Y1152 Z1152 A76 B-41 C0\n,33,72,72,76,-41,0,Enabled,  40.553, -10.884,-1322.336, 0.0849369, 0.7445151, 0.6506274,-0.1231544,0.20264728367328644,Enabled,  73.277,  91.377,-1295.634, 0.0180648, 0.0226368,-0.7299633, 0.6828725,0.21787859499454498,
G0 X528 Y1152 Z1152 A76 B-41 C0\n,33,72,72,76,-41,0,Enabled,  40.543, -10.912,-1322.401, 0.0840648, 0.7446051, 0.6504353,-0.1242182,0.20798693597316742,Enabled,  73.246,  91.380,-1295.636, 0.0181132, 0.0227404,-0.7299982, 0.6828305,0.22131776809692383,
G0 X528 Y1152 Z1152 A76 B-41 C0\n,33,72,72,76,-41,0,Enabled,  40.566, -10.921,-1322.415, 0.0842962, 0.7445778, 0.6504628,-0.1240809,0.20502234995365143,Enabled,  73.290,  91.371,-1295.633, 0.0180488, 0.0226650,-0.7299478, 0.6828885,0.21839959919452667,
G0 X528 Y1152 Z1152 A76 B-41 C0\n,33,72,72,76,-41,0,Enabled,  40.557, -10.923,-1322.410, 0.0849557, 0.7445268, 0.6505776,-0.1233333,0.20513562858104706,Enabled,  73.257,  91.381,-1295.637, 0.0181069, 0.0226916,-0.7299774, 0.6828545,0.21872709691524506,
G0 X528 Y1152 Z1152 A76 B-41 C0\n,33,72,72,76,-41,0,Enabled,  40.555, -10.932,-1322.411, 0.0847784, 0.7445423, 0.6505401,-0.1235594,0.20783041417598724,Enabled,  73.250,  91.373,-1295.639, 0.0181191, 0.0227347,-0.7299775, 0.6828526,0.2191806435585022,
G0 X528 Y1152 Z1152 A76 B-41 C0\n,33,72,72,76,-41,0,Enabled,  40.568, -10.924,-1322.383, 0.0860114, 0.7443841, 0.6508106,-0.1222295,0.2090662717819214,Enabled,  73.304,  91.342,-1295.629, 0.0180203, 0.0225915,-0.7298706, 0.6829743,0.21842347085475922,
G0 X528 Y1152 Z1152 A76 B-41 C0\n,33,72,72,76,-41,0,Enabled,  40.502, -10.903,-1322.298, 0.0850555, 0.7444141, 0.6507711,-0.1229235,0.20451620221138,Enabled,  73.275,  91.368,-1295.642, 0.0180118, 0.0226183,-0.7299381, 0.6829014,0.22040221095085144,
G0 X528 Y1152 Z1152 A76 B-41 C0\n,33,72,72,76,-41,0,Enabled,  40.493, -10.933,-1322.407, 0.0844067, 0.7444264, 0.6506510,-0.1239280,0.20680873095989227,Enabled,  73.238,  91.392,-1295.622, 0.0181940, 0.0227944,-0.7300220, 0.6828010,0.2189626544713974,
G0 X528 Y1152 Z1152 A76 B-41 C0\n,33,72,72,76,-41,0,Enabled,  40.476, -10.928,-1322.401, 0.0855771, 0.7442608, 0.6509072,-0.1227686,0.20962756872177124,Enabled,  73.301,  91.364,-1295.640, 0.0180074, 0.0225826,-0.7299353, 0.6829057,0.21933627128601074,
G0 X528 Y1152 Z1152 A76 B-41 C0\n,33,72,72,76,-41,0,Enabled,  40.427, -10.911,-1322.357, 0.0848955, 0.7442805, 0.6508747,-0.1232941,0.20213031768798828,Enabled,  73.249,  91.390,-1295.629, 0.0180844, 0.0227069,-0.7300230, 0.6828058,0.2192680537700653,
G0 X528 Y1152 Z1152 A76 B-41 C0\n,33,72,72,76,-41,0,Enabled,  40.485, -10.901,-1322.331, 0.0854580, 0.7442624, 0.6509549,-0.1225894,0.2060272991657257,Enabled,  73.276,  91.362,-1295.627, 0.0180940, 0.0227240,-0.7299151, 0.6829204,0.2199687361717224,
G0 X528 Y1152 Z1152 A76 B-41 C0\n,33,72,72,76,-41,0,Enabled,  40.466, -10.940,-1322.413, 0.0853114, 0.7442788, 0.6508819,-0.1229787,0.20808027684688568,Enabled,  73.281,  91.346,-1295.623, 0.0180429, 0.0226304,-0.7298833, 0.6829588,0.22184669971466064,
G0 X528 Y1152 Z1152 A76 B-41 C0\n,33,72,72,76,-41,0,Enabled,  40.445, -10.907,-1322.327, 0.0862816, 0.7441763, 0.6511203,-0.1216526,0.20269687473773956,Enabled,  73.242,  91.378,-1295.643, 0.0181100, 0.0227182,-0.7299784, 0.6828524,0.22001543641090393,
G0 X528 Y1152 Z1152 A76 B-41 C0\n,33,72,72,76,-41,0,Enabled,  40.502, -10.915,-1322.327, 0.0856585, 0.7442818, 0.6509593,-0.1223080,0.20566926896572113,Enabled,  73.297,  91.347,-1295.620, 0.0180563, 0.0226397,-0.7298751, 0.6829668,0.22005029022693634,
G0 X496 Y528 Z528 A73 B-67 C0\n,31,33,33,73,-67,0,Enabled,  54.982,  17.915,-1311.300, 0.1046624, 0.7628278, 0.6103190,-0.1861462,0.24428242444992065,Enabled,  73.270,  91.374,-1295.619, 0.0181197, 0.0227000,-0.7299370, 0.6828970,0.2194569706916809,
G0 X496 Y528 Z528 A73 B-67 C0\n,31,33,33,73,-67,0,Enabled,  55.008,  17.903,-1311.314, 0.1039344, 0.7629460, 0.6100892,-0.1868214,0.2419881671667099,Enabled,  73.303,  91.374,-1295.641, 0.0180125, 0.0225958,-0.7299419, 0.6828980,0.21978791058063507,
G0 X496 Y528 Z528 A73 B-67 C0\n,31,33,33,73,-67,0,Enabled,  55.014,  17.901,-1311.326, 0.1050342, 0.7628358, 0.6103160,-0.1859131,0.24638648331165314,Enabled,  73.245,  91.364,-1295.614, 0.0181864, 0.0227965,-0.7298933, 0.6829387,0.2209153175354004,
G0 X496 Y528 Z528 A73 B-67 C0\n,31,33,33,73,-67,0,Enabled,  55.012,  17.905,-1311.326, 0.1039832, 0.7629528, 0.6100658,-0.1868429,0.24242961406707764,Enabled,  73.245,  91.400,-1295.628, 0.0181924, 0.0228232,-0.7300180, 0.6828044,0.2211340218782425,
G0 X496 Y528 Z528 A73 B-67 C0\n,31,33,33,73,-67,0,Enabled,  55.019,  17.927,-1311.295, 0.1043357, 0.7629098, 0.6102064,-0.1863618,0.23888330161571503,Enabled,  73.272,  91.366,-1295.621, 0.0181210, 0.0227016,-0.7298916, 0.6829454,0.220716655254364,
G0 X496 Y528 Z528 A73 B-67 C0\n,31,33,33,73,-67,0,Enabled,  55.000,  17.922,-1311.302, 0.1044943, 0.7628642, 0.6102692,-0.1862543,0.24213318526744843,Enabled,  73.267,  91.383,-1295.634, 0.0181052, 0.0227220,-0.7299781, 0.6828527,0.2199089527130127,
G0 X496 Y528 Z528 A73 B-67 C0\n,31,33,33,73,-67,0,Enabled,  54.991,  17.936,-1311.282, 0.1049208, 0.7627845, 0.6104277,-0.1858207,0.2450447827577591,Enabled,  73.278,  91.370,-1295.613, 0.0181120, 0.0226856,-0.7299211, 0.6829147,0.21679449081420898,
G0 X496 Y528 Z528 A73 B-67 C0\n,31,33,33,73,-67,0,Enabled,  54.983,  17.911,-1311.321, 0.1047794, 0.7628081, 0.6103244,-0.1861428,0.2503129243850708,Enabled,  73.287,  91.377,-1295.632, 0.0180358, 0.0226263,-0.7299278, 0.6829115,0.22041451930999756,
G0 X496 Y528 Z528 A73 B-67 C0\n,31,33,33,73,-67,0,Enabled,  54.983,  17.901,-1311.337, 0.1041247, 0.7628855, 0.6101681,-0.1867051,0.25089046359062195,Enabled,  73.285,  91.376,-1295.633, 0.0180532, 0.0226514,-0.7299442, 0.6828927,0.2187425047159195,
G0 X496 Y528 Z528 A73 B-67 C0\n,31,33,33,73,-67,0,Enabled,  55.018,  17.943,-1311.223, 0.1044770, 0.7628953, 0.6102996,-0.1860372,0.24223393201828003,Enabled,  73.273,  91.386,-1295.625, 0.0181370, 0.0227292,-0.7299681, 0.6828623,0.2188451886177063,
G0 X496 Y528 Z528 A73 B-67 C0\n,31,33,33,73,-67,0,Enabled,  55.005,  17.923,-1311.247, 0.1043373, 0.7629234, 0.6102224,-0.1862534,0.24414454400539398,Enabled,  73.274,  91.369,-1295.625, 0.0180319, 0.0226368,-0.7299163, 0.6829235,0.2204420566558838,
G0 X496 Y528 Z528 A73 B-67 C0\n,31,33,33,73,-67,0,Enabled,  55.034,  17.900,-1311.248, 0.1046500, 0.7628973, 0.6102577,-0.1860692,0.24457356333732605,Enabled,  73.280,  91.389,-1295.643, 0.0181010, 0.0227069,-0.7299927, 0.6828378,0.2216567099094391,
G0 X496 Y528 Z528 A73 B-67 C0\n,31,33,33,73,-67,0,Enabled,  55.018,  17.930,-1311.187, 0.1038465, 0.7629550, 0.6101692,-0.1865719,0.2460487335920334,Enabled,  73.294,  91.379,-1295.634, 0.0180779, 0.0226903,-0.7299583, 0.6828758,0.21814943850040436,
G0 X496 Y528 Z528 A73 B-67 C0\n,31,33,33,73,-67,0,Enabled,  54.966,  17.927,-1311.188, 0.1045846, 0.7628515, 0.6103395,-0.1860251,0.24593853950500488,Enabled,  73.260,  91.376,-1295.623, 0.0180361, 0.0226319,-0.7299399, 0.6828983,0.21981750428676605,
G0 X496 Y528 Z528 A73 B-67 C0\n,31,33,33,73,-67,0,Enabled,  55.027,  17.915,-1311.237, 0.1042208, 0.7629108, 0.6101943,-0.1864621,0.2508153021335602,Enabled,  73.302,  91.385,-1295.646, 0.0180636, 0.0226607,-0.7299535, 0.6828822,0.2189502865076065,
G0 X496 Y528 Z528 A73 B-67 C0\n,31,33,33,73,-67,0,Enabled,  55.039,  17.930,-1311.183, 0.1042897, 0.7629481, 0.6101936,-0.1862733,0.2435237020254135,Enabled,  73.311,  91.381,-1295.641, 0.0180027, 0.0226090,-0.7299470, 0.6828924,0.2196393758058548,
G0 X496 Y528 Z528 A73 B-67 C0\n,31,33,33,73,-67,0,Enabled,  55.029,  17.909,-1311.236, 0.1035350, 0.7630999, 0.6098886,-0.1870694,0.2407974749803543,Enabled,  73.212,  91.376,-1295.622, 0.0181894, 0.0227776,-0.7299438, 0.6828853,0.22154079377651215,
G0 X496 Y528 Z528 A73 B-67 C0\n,31,33,33,73,-67,0,Enabled,  55.109,  17.906,-1311.228, 0.1040346, 0.7630904, 0.6099672,-0.1865740,0.24139761924743652,Enabled,  73.307,  91.386,-1295.626, 0.0180689, 0.0226921,-0.7299920, 0.6828399,0.21812745928764343,
G0 X496 Y528 Z528 A73 B-67 C0\n,31,33,33,73,-67,0,Enabled,  55.069,  17.879,-1311.297, 0.1032386, 0.7631797, 0.6097113,-0.1874850,0.24771185219287872,Enabled,  73.271,  91.351,-1295.611, 0.0181284, 0.0227131,-0.7298564, 0.6829825,0.21975846588611603,
G0 X496 Y528 Z528 A73 B-67 C0\n,31,33,33,73,-67,0,Enabled,  55.026,  17.911,-1311.204, 0.1032706, 0.7631677, 0.6097967,-0.1872384,0.2418704628944397,Enabled,  73.248,  91.375,-1295.619, 0.0180896, 0.0226791,-0.7299326, 0.6829032,0.2207799255847931,
G0 X400 Y416 Z416 A-83 B82 C0\n,25,26,26,-83,82,0,Enabled,  54.078,  24.019,-1287.061, 0.1034909, 0.7829838, 0.5840279,-0.1874495,0.26439258456230164,Enabled,  73.277,  91.341,-1295.618, 0.0180930, 0.0226448,-0.7298865, 0.6829535,0.21943239867687225,
G0 X400 Y416 Z416 A-83 B82 C0\n,25,26,26,-83,82,0,Enabled,  54.049,  24.028,-1287.022, 0.1030739, 0.7829757, 0.5840110,-0.1877658,0.26761141419410706,Enabled,  73.251,  91.376,-1295.629, 0.0181809, 0.0227840,-0.7300082, 0.6828165,0.22196471691131592,
G0 X400 Y416 Z416 A-83 B82 C0\n,25,26,26,-83,82,0,Enabled,  54.032,  24.044,-1286.989, 0.1032925, 0.7829268, 0.5841121,-0.1875352,0.26431339979171753,Enabled,  73.302,  91.372,-1295.631, 0.0180187, 0.0225753,-0.7299707, 0.6828678,0.2201099842786789,
G0 X400 Y416 Z416 A-83 B82 C0\n,25,26,26,-83,82,0,Enabled,  54.048,  24.016,-1287.028, 0.1035716, 0.7829146, 0.5841113,-0.1874344,0.273916095495224,Enabled,  73.267,  91.354,-1295.617, 0.0181296, 0.0227103,-0.7299161, 0.6829188,0.22111468017101288,
G0 X400 Y416 Z416 A-83 B82 C0\n,25,26,26,-83,82,0,Enabled,  54.036,  24.029,-1286.973, 0.1030697, 0.7829618, 0.5840735,-0.1876312,0.25798866152763367,Enabled,  73.274,  91.319,-1295.610, 0.0181222, 0.0226952,-0.7298347, 0.6830065,0.2206067591905594,
G0 X400 Y416 Z416 A-83 B82 C0\n,25,26,26,-83,82,0,Enabled,  54.023,  24.041,-1286.938, 0.1036424, 0.7828757, 0.5842669,-0.1870723,0.26184895634651184,Enabled,  73.276,  91.309,-1295.605, 0.0181004, 0.0226559,-0.7298110, 0.6830337,0.21861064434051514,
G0 X400 Y416 Z416 A-83 B82 C0\n,25,26,26,-83,82,0,Enabled,  54.028,  24.041,-1286.978, 0.1027486, 0.7829862, 0.5840153,-0.1878870,0.2672927677631378,Enabled,  73.267,  91.367,-1295.628, 0.0181380, 0.0227189,-0.7299844, 0.6828452,0.2205701321363449,
G0 X400 Y416 Z416 A-83 B82 C0\n,25,26,26,-83,82,0,Enabled,  54.014,  24.068,-1286.958, 0.1034744, 0.7828834, 0.5842643,-0.1871414,0.26755091547966003,Enabled,  73.267,  91.339,-1295.604, 0.0181311, 0.0226948,-0.7298900, 0.6829472,0.22108615934848785,
G0 X400 Y416 Z416 A-83 B82 C0\n,25,26,26,-83,82,0,Enabled,  53.989,  24.069,-1286.978, 0.1028905, 0.7829296, 0.5841413,-0.1876534,0.2722015082836151,Enabled,  73.294,  91.342,-1295.626, 0.0180422, 0.0225784,-0.7298797, 0.6829643,0.22097961604595184,
G0 X400 Y416 Z416 A-83 B82 C0\n,25,26,26,-83,82,0,Enabled,  53.986,  24.074,-1286.953, 0.1026505, 0.7829477, 0.5840982,-0.1878435,0.26332148909568787,Enabled,  73.266,  91.376,-1295.630, 0.0181497, 0.0227230,-0.7299849, 0.6828442,0.22254309058189392,
G0 X400 Y416 Z416 A-83 B82 C0\n,25,26,26,-83,82,0,Enabled,  53.985,  24.086,-1286.938, 0.1026512, 0.7829481, 0.5841328,-0.1877333,0.2641538381576538,Enabled,  73.269,  91.333,-1295.618, 0.0181254, 0.0226662,-0.7298529, 0.6829879,0.22206003963947296,
G0 X400 Y416 Z416 A-83 B82 C0\n,25,26,26,-83,82,0,Enabled,  53.985,  24.093,-1286.914, 0.1026944, 0.7829415, 0.5841671,-0.1876310,0.2641957104206085,Enabled,  73.285,  91.357,-1295.626, 0.0180762, 0.0226262,-0.7299764, 0.6828586,0.21890956163406372,
G0 X400 Y416 Z416 A-83 B82 C0\n,25,26,26,-83,82,0,Enabled,  53.979,  24.071,-1286.986, 0.1020888, 0.7830034, 0.5839703,-0.1883143,0.264724999666214,Enabled,  73.282,  91.340,-1295.614, 0.0181002, 0.0226643,-0.7298959, 0.6829426,0.22175748646259308,
G0 X400 Y416 Z416 A-83 B82 C0\n,25,26,26,-83,82,0,Enabled,  53.938,  24.084,-1286.952, 0.1024891, 0.7829224, 0.5841242,-0.1879558,0.2674109637737274,Enabled,  73.245,  91.340,-1295.606, 0.0181785, 0.0227344,-0.7298647, 0.6829716,0.22060230374336243,
G0 X400 Y416 Z416 A-83 B82 C0\n,25,26,26,-83,82,0,Enabled,  53.943,  24.077,-1286.946, 0.1029550, 0.7828446, 0.5842649,-0.1875877,0.26988959312438965,Enabled,  73.273,  91.340,-1295.616, 0.0181309, 0.0227229,-0.7298720, 0.6829654,0.22194406390190125,
G0 X400 Y416 Z416 A-83 B82 C0\n,25,26,26,-83,82,0,Enabled,  53.926,  24.107,-1286.886, 0.1028697, 0.7828282, 0.5843471,-0.1874470,0.2667745351791382,Enabled,  73.255,  91.363,-1295.613, 0.0181933, 0.0227913,-0.7299488, 0.6828794,0.2211696207523346,
G0 X400 Y416 Z416 A-83 B82 C0\n,25,26,26,-83,82,0,Enabled,  53.878,  24.133,-1286.852, 0.1033368, 0.7827221, 0.5845591,-0.1869714,0.2661077380180359,Enabled,  73.278,  91.373,-1295.637, 0.0180429, 0.0225775,-0.7299739, 0.6828637,0.21833981573581696,
G0 X400 Y416 Z416 A-83 B82 C0\n,25,26,26,-83,82,0,Enabled,  53.909,  24.091,-1286.952, 0.1027551, 0.7827920, 0.5843264,-0.1877250,0.27001267671585083,Enabled,  73.302,  91.365,-1295.642, 0.0180449, 0.0226313,-0.7299948, 0.6828395,0.21909910440444946,
G0 X400 Y416 Z416 A-83 B82 C0\n,25,26,26,-83,82,0,Enabled,  53.920,  24.078,-1286.991, 0.1023895, 0.7828636, 0.5841616,-0.1881388,0.26713502407073975,Enabled,  73.294,  91.332,-1295.624, 0.0180625, 0.0226104,-0.7298676, 0.6829757,0.22006654739379883,
G0 X400 Y416 Z416 A-83 B82 C0\n,25,26,26,-83,82,0,Enabled,  53.890,  24.077,-1287.019, 0.1033314, 0.7827432, 0.5843703,-0.1874757,0.2734588384628296,Enabled,  73.262,  91.360,-1295.620, 0.0180867, 0.0226507,-0.7299387, 0.6828977,0.22143353521823883,
G0 X0 Y336 Z336 A86 B-51 C0\n,0,21,21,86,-51,0,Enabled,  50.240,  33.898,-1318.255, 0.1002427, 0.7703212, 0.6234246,-0.0888732,0.21102522313594818,Enabled,  73.269,  91.390,-1295.659, 0.0180744, 0.0227106,-0.7300497, 0.6827773,0.21816487610340118,
G0 X0 Y336 Z336 A86 B-51 C0\n,0,21,21,86,-51,0,Enabled,  50.180,  33.927,-1318.164, 0.1010768, 0.7701512, 0.6236470,-0.0878355,0.20902246236801147,Enabled,  73.238,  91.344,-1295.627, 0.0181267, 0.0227520,-0.7299026, 0.6829319,0.2209547460079193,
G0 X0 Y336 Z336 A86 B-51 C0\n,0,21,21,86,-51,0,Enabled,  50.237,  33.945,-1318.081, 0.1006066, 0.7702680, 0.6235433,-0.0880870,0.20991463959217072,Enabled,  73.300,  91.376,-1295.657, 0.0179952, 0.0226322,-0.7300107, 0.6828237,0.21992257237434387,
G0 X0 Y336 Z336 A86 B-51 C0\n,0,21,21,86,-51,0,Enabled,  50.205,  33.977,-1318.020, 0.1013700, 0.7701449, 0.6236936,-0.0872185,0.2103477269411087,Enabled,  73.284,  91.352,-1295.638, 0.0180056, 0.0226357,-0.7299156, 0.6829252,0.218765988945961,
G0 X0 Y336 Z336 A86 B-51 C0\n,0,21,21,86,-51,0,Enabled,  50.162,  33.987,-1318.000, 0.0999238, 0.7702783, 0.6235984,-0.0883833,0.21166548132896423,Enabled,  73.243,  91.372,-1295.636, 0.0181221, 0.0227729,-0.7299844, 0.6828439,0.21834538877010345,
G0 X0 Y336 Z336 A86 B-51 C0\n,0,21,21,86,-51,0,Enabled,  50.130,  33.986,-1318.003, 0.0995901, 0.7702482, 0.6236401,-0.0887276,0.21674278378486633,Enabled,  73.281,  91.342,-1295.636, 0.0180600, 0.0226879,-0.7298942, 0.6829447,0.22216668725013733,
G0 X0 Y336 Z336 A86 B-51 C0\n,0,21,21,86,-51,0,Enabled,  50.094,  34.039,-1317.899, 0.0989046, 0.7702981, 0.6236512,-0.0889826,0.2196637988090515,Enabled,  73.252,  91.368,-1295.634, 0.0180887, 0.0227109,-0.7299545, 0.6828788,0.21862778067588806,
G0 X0 Y336 Z336 A86 B-51 C0\n,0,21,21,86,-51,0,Enabled,  50.156,  34.090,-1317.763, 0.1008017, 0.7701365, 0.6238478,-0.0868489,0.20740176737308502,Enabled,  73.264,  91.354,-1295.639, 0.0180702, 0.0227358,-0.7299227, 0.6829124,0.21868601441383362,
G0 X0 Y336 Z336 A86 B-51 C0\n,0,21,21,86,-51,0,Enabled,  50.185,  34.134,-1317.676, 0.1000816, 0.7702416, 0.6237957,-0.0871233,0.21328334510326385,Enabled,  73.279,  91.363,-1295.635, 0.0180530, 0.0226828,-0.7299862, 0.6828468,0.21890510618686676,
G0 X0 Y336 Z336 A86 B-51 C0\n,0,21,21,86,-51,0,Enabled,  50.186,  34.137,-1317.743, 0.0991038, 0.7703887, 0.6236325,-0.0881038,0.2127821296453476,Enabled,  73.247,  91.363,-1295.637, 0.0180767, 0.0227160,-0.7299438, 0.6828904,0.22029316425323486,
G0 X0 Y336 Z336 A86 B-51 C0\n,0,21,21,86,-51,0,Enabled,  50.248,  34.145,-1317.785, 0.0992799, 0.7704183, 0.6235695,-0.0880913,0.21507351100444794,Enabled,  73.286,  91.380,-1295.640, 0.0180130, 0.0226558,-0.7299964, 0.6828378,0.21942004561424255,
G0 X0 Y336 Z336 A86 B-51 C0\n,0,21,21,86,-51,0,Enabled,  50.238,  34.144,-1317.758, 0.1000951, 0.7702915, 0.6237172,-0.0872288,0.21250300109386444,Enabled,  73.291,  91.347,-1295.639, 0.0180178, 0.0226756,-0.7299170, 0.6829219,0.21802158653736115,
G0 X0 Y336 Z336 A86 B-51 C0\n,0,21,21,86,-51,0,Enabled,  50.178,  34.103,-1317.841, 0.0995406, 0.7702969, 0.6236773,-0.0880963,0.2121981680393219,Enabled,  73.255,  91.344,-1295.631, 0.0180527, 0.0226931,-0.7298855, 0.6829541,0.22109904885292053,
G0 X0 Y336 Z336 A86 B-51 C0\n,0,21,21,86,-51,0,Enabled,  50.100,  34.092,-1317.838, 0.0996016, 0.7701337, 0.6238595,-0.0881641,0.2139550894498825,Enabled,  73.277,  91.342,-1295.646, 0.0180651, 0.0226893,-0.7298755, 0.6829646,0.21847717463970184,
G0 X0 Y336 Z336 A86 B-51 C0\n,0,21,21,86,-51,0,Enabled,  50.096,  34.085,-1317.823, 0.0994541, 0.7701412, 0.6238655,-0.0882230,0.2167922854423523,Enabled,  73.320,  91.358,-1295.648, 0.0179035, 0.0225392,-0.7299283, 0.6829174,0.21977844834327698,
G0 X0 Y336 Z336 A86 B-51 C0\n,0,21,21,86,-51,0,Enabled,  50.117,  34.090,-1317.783, 0.1000975, 0.7701287, 0.6238649,-0.0876053,0.2157009392976761,Enabled,  73.285,  91.364,-1295.657, 0.0179618, 0.0226025,-0.7299572, 0.6828829,0.219212144613266,
G0 X0 Y336 Z336 A86 B-51 C0\n,0,21,21,86,-51,0,Enabled,  50.151,  34.095,-1317.799, 0.1003478, 0.7701082, 0.6238724,-0.0874463,0.22297047078609467,Enabled,  73.251,  91.371,-1295.628, 0.0181197, 0.0227826,-0.7299930, 0.6828344,0.22139355540275574,
G0 X0 Y336 Z336 A86 B-51 C0\n,0,21,21,86,-51,0,Enabled,  50.170,  34.100,-1317.775, 0.1003647, 0.7701232, 0.6238722,-0.0872966,0.21688486635684967,Enabled,  73.285,  91.377,-1295.638, 0.0180262, 0.0226834,-0.7300087, 0.6828234,0.21775999665260315,
G0 X0 Y336 Z336 A86 B-51 C0\n,0,21,21,86,-51,0,Enabled,  50.139,  34.078,-1317.842, 0.0996267, 0.7702083, 0.6237555,-0.0882200,0.21380029618740082,Enabled,  73.272,  91.389,-1295.655, 0.0180247, 0.0226497,-0.7300209, 0.6828115,0.217275008559227,
G0 X0 Y336 Z336 A86 B-51 C0\n,0,21,21,86,-51,0,Enabled,  50.121,  34.063,-1317.821, 0.1000873, 0.7701235, 0.6238471,-0.0877896,0.21456891298294067,Enabled,  73.252,  91.341,-1295.627, 0.0181032, 0.0227374,-0.7298968, 0.6829392,0.22139492630958557,
G0 X256 Y288 Z288 A18 B24 C0\n,16,18,18,18,24,0,Enabled,  47.498,  34.204,-1309.520, 0.1015784, 0.7603725, 0.6229914,-0.1529610,0.23693275451660156,Enabled,  73.265,  91.355,-1295.619, 0.0181279, 0.0227223,-0.7298699, 0.6829678,0.21965931355953217,
G0 X256 Y288 Z288 A18 B24 C0\n,16,18,18,18,24,0,Enabled,  47.484,  34.212,-1309.460, 0.1016363, 0.7603604, 0.6230559,-0.1527205,0.23702937364578247,Enabled,  73.246,  91.347,-1295.597, 0.0181580, 0.0227395,-0.7298604, 0.6829765,0.21876510977745056,
G0 X256 Y288 Z288 A18 B24 C0\n,16,18,18,18,24,0,Enabled,  47.507,  34.213,-1309.432, 0.1019086, 0.7603493, 0.6230960,-0.1524303,0.23327650129795074,Enabled,  73.297,  91.313,-1295.615, 0.0180416, 0.0225863,-0.7297521, 0.6831005,0.22008605301380157,
G0 X256 Y288 Z288 A18 B24 C0\n,16,18,18,18,24,0,Enabled,  47.501,  34.197,-1309.470, 0.1010757, 0.7604481, 0.6228963,-0.1533059,0.23474331200122833,Enabled,  73.243,  91.351,-1295.608, 0.0182031, 0.0227976,-0.7298588, 0.6829751,0.2228391319513321,
G0 X256 Y288 Z288 A18 B24 C0\n,16,18,18,18,24,0,Enabled,  47.498,  34.206,-1309.471, 0.1017031, 0.7603770, 0.6230295,-0.1527009,0.23894159495830536,Enabled,  73.265,  91.358,-1295.608, 0.0181219, 0.0227151,-0.7298688, 0.6829693,0.22149525582790375,
G0 X256 Y288 Z288 A18 B24 C0\n,16,18,18,18,24,0,Enabled,  47.486,  34.219,-1309.378, 0.1011643, 0.7604451, 0.6229850,-0.1529011,0.23142164945602417,Enabled,  73.248,  91.348,-1295.605, 0.0181748, 0.0227287,-0.7298333, 0.6830055,0.22070083022117615,
G0 X256 Y288 Z288 A18 B24 C0\n,16,18,18,18,24,0,Enabled,  47.489,  34.195,-1309.416, 0.1018858, 0.7603506, 0.6231104,-0.1523799,0.23971812427043915,Enabled,  73.262,  91.339,-1295.605, 0.0181509, 0.0226872,-0.7298203, 0.6830213,0.22328557074069977,
G0 X256 Y288 Z288 A18 B24 C0\n,16,18,18,18,24,0,Enabled,  47.489,  34.215,-1309.373, 0.1011995, 0.7604381, 0.6229991,-0.1528545,0.23326659202575684,Enabled,  73.243,  91.362,-1295.600, 0.0182250, 0.0227914,-0.7299129, 0.6829169,0.21949894726276398,
G0 X256 Y288 Z288 A18 B24 C0\n,16,18,18,18,24,0,Enabled,  47.501,  34.211,-1309.385, 0.1010541, 0.7605129, 0.6228738,-0.1530895,0.23087291419506073,Enabled,  73.262,  91.334,-1295.612, 0.0180992, 0.0226441,-0.7298226, 0.6830217,0.2187516987323761,
G0 X256 Y288 Z288 A18 B24 C0\n,16,18,18,18,24,0,Enabled,  47.520,  34.223,-1309.425, 0.1015581, 0.7604556, 0.6229827,-0.1525970,0.2386799305677414,Enabled,  73.236,  91.345,-1295.595, 0.0182405, 0.0228186,-0.7298506, 0.6829822,0.21949194371700287,
G0 X256 Y288 Z288 A18 B24 C0\n,16,18,18,18,24,0,Enabled,  47.516,  34.216,-1309.395, 0.1014807, 0.7604551, 0.6229689,-0.1527070,0.23769575357437134,Enabled,  73.279,  91.352,-1295.620, 0.0181109, 0.0226737,-0.7298644, 0.6829757,0.22103390097618103,
G0 X256 Y288 Z288 A18 B24 C0\n,16,18,18,18,24,0,Enabled,  47.450,  34.260,-1309.309, 0.1016884, 0.7603697, 0.6231619,-0.1522059,0.2315928041934967,Enabled,  73.281,  91.363,-1295.626, 0.0180097, 0.0225574,-0.7298915, 0.6829533,0.2206358015537262,
G0 X256 Y288 Z288 A18 B24 C0\n,16,18,18,18,24,0,Enabled,  47.489,  34.256,-1309.335, 0.1012112, 0.7604526, 0.6229981,-0.1527789,0.23018181324005127,Enabled,  73.235,  91.364,-1295.611, 0.0182602, 0.0228303,-0.7298998, 0.6829287,0.22320213913917542,
G0 X256 Y288 Z288 A18 B24 C0\n,16,18,18,18,24,0,Enabled,  47.511,  34.281,-1309.265, 0.1020184, 0.7604055, 0.6231593,-0.1518163,0.23619495332241058,Enabled,  73.276,  91.358,-1295.631, 0.0181119, 0.0226884,-0.7299042, 0.6829327,0.22071439027786255,
G0 X256 Y288 Z288 A18 B24 C0\n,16,18,18,18,24,0,Enabled,  47.511,  34.251,-1309.352, 0.1014672, 0.7605155, 0.6229415,-0.1525271,0.23859119415283203,Enabled,  73.273,  91.324,-1295.611, 0.0180489, 0.0225890,-0.7297912, 0.6830584,0.21752898395061493,
G0 X256 Y288 Z288 A18 B24 C0\n,16,18,18,18,24,0,Enabled,  47.529,  34.265,-1309.336, 0.1012769, 0.7605333, 0.6229225,-0.1526424,0.23426246643066406,Enabled,  73.270,  91.361,-1295.619, 0.0181383, 0.0227110,-0.7298948, 0.6829413,0.21830667555332184,
G0 X256 Y288 Z288 A18 B24 C0\n,16,18,18,18,24,0,Enabled,  47.524,  34.264,-1309.302, 0.1005414, 0.7606239, 0.6227750,-0.1532781,0.23297390341758728,Enabled,  73.265,  91.348,-1295.609, 0.0181373, 0.0227142,-0.7298413, 0.6829984,0.2188197523355484,
G0 X256 Y288 Z288 A18 B24 C0\n,16,18,18,18,24,0,Enabled,  47.490,  34.309,-1309.200, 0.1011788, 0.7605043, 0.6230404,-0.1523700,0.22695623338222504,Enabled,  73.229,  91.358,-1295.609, 0.0182236, 0.0227895,-0.7298868, 0.6829450,0.2214525192975998,
G0 X256 Y288 Z288 A18 B24 C0\n,16,18,18,18,24,0,Enabled,  47.506,  34.291,-1309.259, 0.1009912, 0.7605314, 0.6229508,-0.1527254,0.23569947481155396,Enabled,  73.262,  91.332,-1295.607, 0.0181643, 0.0227305,-0.7297997, 0.6830415,0.2205650508403778,
G0 X256 Y288 Z288 A18 B24 C0\n,16,18,18,18,24,0,Enabled,  47.510,  34.287,-1309.296, 0.1006715, 0.7606207, 0.6227986,-0.1531119,0.24068056046962738,Enabled,  73.274,  91.347,-1295.621, 0.0180844, 0.0226307,-0.7298388, 0.6830052,0.21874506771564484,
G0 X640 Y928 Z928 A-77 B-49 C0\n,40,58,58,-77,-49,0,Enabled,  61.107,  -3.857,-1270.202, 0.0759008, 0.7764101, 0.6160046,-0.1093833,0.22555013000965118,Enabled,  73.417,  91.390,-1295.654, 0.0178105, 0.0219985,-0.7301015, 0.6827523,0.21612322330474854,
G0 X640 Y928 Z928 A-77 B-49 C0\n,40,58,58,-77,-49,0,Enabled,  61.056,  -3.872,-1270.350, 0.0754491, 0.7764366, 0.6158854,-0.1101764,0.2336893081665039,Enabled,  73.320,  91.426,-1295.650, 0.0179385, 0.0221645,-0.7302043, 0.6826336,0.21636684238910675,
G0 X640 Y928 Z928 A-77 B-49 C0\n,40,58,58,-77,-49,0,Enabled,  61.120,  -3.862,-1270.262, 0.0759457, 0.7764199, 0.6159700,-0.1094776,0.22149543464183807,Enabled,  73.398,  91.445,-1295.668, 0.0178764, 0.0220823,-0.7302744, 0.6825629,0.2159886360168457,
G0 X640 Y928 Z928 A-77 B-49 C0\n,40,58,58,-77,-49,0,Enabled,  61.134,  -3.882,-1270.324, 0.0764804, 0.7764028, 0.6159970,-0.1090736,0.22680871188640594,Enabled,  73.385,  91.418,-1295.656, 0.0178670, 0.0220731,-0.7302043, 0.6826383,0.21837939321994781,
G0 X640 Y928 Z928 A-77 B-49 C0\n,40,58,58,-77,-49,0,Enabled,  61.090,  -3.895,-1270.369, 0.0768624, 0.7763457, 0.6160530,-0.1088953,0.22452819347381592,Enabled,  73.310,  91.447,-1295.652, 0.0179971, 0.0222216,-0.7302777, 0.6825517,0.21720163524150848,
G0 X640 Y928 Z928 A-77 B-49 C0\n,40,58,58,-77,-49,0,Enabled,  61.114,  -3.879,-1270.278, 0.0767264, 0.7763189, 0.6161215,-0.1087947,0.2188096046447754,Enabled,  73.380,  91.413,-1295.638, 0.0179608, 0.0221570,-0.7301736, 0.6826661,0.21856527030467987,
G0 X640 Y928 Z928 A-77 B-49 C0\n,40,58,58,-77,-49,0,Enabled,  61.057,  -3.898,-1270.328, 0.0765109, 0.7763132, 0.6160876,-0.1091783,0.2253246158361435,Enabled,  73.334,  91.436,-1295.640, 0.0179925, 0.0221890,-0.7302493, 0.6825832,0.21655502915382385,
G0 X640 Y928 Z928 A-77 B-49 C0\n,40,58,58,-77,-49,0,Enabled,  61.050,  -3.864,-1270.237, 0.0767371, 0.7762945, 0.6161714,-0.1086787,0.22387787699699402,Enabled,  73.340,  91.434,-1295.653, 0.0179495, 0.0221600,-0.7302350, 0.6826006,0.2177903801202774,
G0 X640 Y928 Z928 A-77 B-49 C0\n,40,58,58,-77,-49,0,Enabled,  61.078,  -3.915,-1270.349, 0.0759482, 0.7763549, 0.6160062,-0.1097330,0.23402798175811768,Enabled,  73.384,  91.440,-1295.673, 0.0179620, 0.0221907,-0.7302790, 0.6825522,0.2165914624929428,
G0 X640 Y928 Z928 A-77 B-49 C0\n,40,58,58,-77,-49,0,Enabled,  60.997,  -3.887,-1270.207, 0.0773127, 0.7761955, 0.6163200,-0.1081341,0.2241823971271515,Enabled,  73.331,  91.436,-1295.655, 0.0179567, 0.0221730,-0.7302454, 0.6825889,0.21841666102409363,
G0 X640 Y928 Z928 A-77 B-49 C0\n,40,58,58,-77,-49,0,Enabled,  60.997,  -3.897,-1270.194, 0.0759225, 0.7762898, 0.6161347,-0.1094895,0.22378447651863098,Enabled,  73.350,  91.442,-1295.653, 0.0179668, 0.0221979,-0.7302650, 0.6825668,0.21817247569561005,
G0 X640 Y928 Z928 A-77 B-49 C0\n,40,58,58,-77,-49,0,Enabled,  61.016,  -3.926,-1270.267, 0.0755366, 0.7763265, 0.6160337,-0.1100628,0.2292989045381546,Enabled,  73.418,  91.422,-1295.651, 0.0178212, 0.0219890,-0.7302111, 0.6826351,0.21620510518550873,
G0 X640 Y928 Z928 A-77 B-49 C0\n,40,58,58,-77,-49,0,Enabled,  60.971,  -3.878,-1270.158, 0.0766717, 0.7762324, 0.6162521,-0.1087114,0.21984902024269104,Enabled,  73.290,  91.458,-1295.654, 0.0180588, 0.0222968,-0.7302984, 0.6825255,0.2193690538406372,
G0 X640 Y928 Z928 A-77 B-49 C0\n,40,58,58,-77,-49,0,Enabled,  61.043,  -3.900,-1270.284, 0.0760291, 0.7763227, 0.6160713,-0.1095384,0.2308373898267746,Enabled,  73.389,  91.423,-1295.664, 0.0178910, 0.0220739,-0.7301967, 0.6826459,0.21565860509872437,
G0 X640 Y928 Z928 A-77 B-49 C0\n,40,58,58,-77,-49,0,Enabled,  61.044,  -3.900,-1270.291, 0.0762588, 0.7762951, 0.6161152,-0.1093278,0.22518916428089142,Enabled,  73.366,  91.438,-1295.659, 0.0179661, 0.0221780,-0.7302569, 0.6825762,0.21823301911354065,
G0 X640 Y928 Z928 A-77 B-49 C0\n,40,58,58,-77,-49,0,Enabled,  61.033,  -3.890,-1270.296, 0.0766128, 0.7763048, 0.6161186,-0.1089916,0.22765375673770905,Enabled,  73.322,  91.433,-1295.662, 0.0179625, 0.0221621,-0.7302262, 0.6826096,0.22014641761779785,
G0 X640 Y928 Z928 A-77 B-49 C0\n,40,58,58,-77,-49,0,Enabled,  61.112,  -3.915,-1270.389, 0.0767769, 0.7763352, 0.6160306,-0.1091568,0.2327396422624588,Enabled,  73.360,  91.444,-1295.652, 0.0179884, 0.0222141,-0.7302803, 0.6825494,0.21524888277053833,
G0 X640 Y928 Z928 A-77 B-49 C0\n,40,58,58,-77,-49,0,Enabled,  61.093,  -3.899,-1270.339, 0.0771411, 0.7762883, 0.6161369,-0.1086327,0.23052868247032166,Enabled,  73.375,  91.393,-1295.634, 0.0179112, 0.0221260,-0.7301043, 0.6827425,0.21807947754859924,
G0 X640 Y928 Z928 A-77 B-49 C0\n,40,58,58,-77,-49,0,Enabled,  61.051,  -3.897,-1270.314, 0.0762978, 0.7763647, 0.6160314,-0.1092783,0.22950400412082672,Enabled,  73.327,  91.441,-1295.653, 0.0179511, 0.0221650,-0.7302454, 0.6825894,0.21737878024578094,
G0 X640 Y928 Z928 A-77 B-49 C0\n,40,58,58,-77,-49,0,Enabled,  61.074,  -3.912,-1270.272, 0.0765954, 0.7763242, 0.6160947,-0.1090009,0.22492511570453644,Enabled,  73.389,  91.438,-1295.659, 0.0178868, 0.0220773,-0.7302651, 0.6825727,0.2179674357175827,
G0 X64 Y640 Z640 A75 B-4 C0\n,4,40,40,75,-4,0,Enabled,  41.269,  23.484,-1329.462, 0.1659642, 0.7341622, 0.6451112,-0.1315042,0.33481261134147644,Enabled,  73.306,  91.306,-1295.616, 0.0180713, 0.0227064,-0.7299535, 0.6828805,0.2203368842601776,
G0 X64 Y640 Z640 A75 B-4 C0\n,4,40,40,75,-4,0,Enabled,  41.284,  23.447,-1329.583, 0.1653200, 0.7343554, 0.6448563,-0.1324832,0.33989062905311584,Enabled,  73.330,  91.305,-1295.627, 0.0179374, 0.0225717,-0.7299412, 0.6829017,0.22010019421577454,
G0 X64 Y640 Z640 A75 B-4 C0\n,4,40,40,75,-4,0,Enabled,  41.283,  23.453,-1329.601, 0.1653829, 0.7343715, 0.6448340,-0.1324243,0.3449416160583496,Enabled,  73.283,  91.292,-1295.618, 0.0180730, 0.0226869,-0.7299024, 0.6829357,0.21736785769462585,
G0 X64 Y640 Z640 A75 B-4 C0\n,4,40,40,75,-4,0,Enabled,  41.327,  23.450,-1329.604, 0.1660372, 0.7342526, 0.6449471,-0.1317118,0.3442802131175995,Enabled,  73.292,  91.272,-1295.611, 0.0181412, 0.0227398,-0.7298695, 0.6829673,0.21932506561279297,
G0 X64 Y640 Z640 A75 B-4 C0\n,4,40,40,75,-4,0,Enabled,  41.325,  23.469,-1329.575, 0.1659064, 0.7343051, 0.6449207,-0.1317134,0.3358958959579468,Enabled,  73.234,  91.296,-1295.606, 0.0182512, 0.0228844,-0.7299376, 0.6828868,0.22109326720237732,
G0 X64 Y640 Z640 A75 B-4 C0\n,4,40,40,75,-4,0,Enabled,  41.355,  23.481,-1329.553, 0.1648694, 0.7345878, 0.6446773,-0.1326273,0.33541980385780334,Enabled,  73.266,  91.293,-1295.612, 0.0181379, 0.0227523,-0.7299008, 0.6829334,0.21992352604866028,
G0 X64 Y640 Z640 A75 B-4 C0\n,4,40,40,75,-4,0,Enabled,  41.417,  23.444,-1329.661, 0.1659730, 0.7344142, 0.6447470,-0.1318717,0.342883825302124,Enabled,  73.282,  91.280,-1295.597, 0.0181771, 0.0227697,-0.7298548, 0.6829810,0.22181664407253265,
G0 X64 Y640 Z640 A75 B-4 C0\n,4,40,40,75,-4,0,Enabled,  41.397,  23.459,-1329.632, 0.1662036, 0.7343811, 0.6447878,-0.1315655,0.3400133550167084,Enabled,  73.268,  91.285,-1295.607, 0.0181346, 0.0227298,-0.7298714, 0.6829658,0.2209155261516571,
G0 X64 Y640 Z640 A75 B-4 C0\n,4,40,40,75,-4,0,Enabled,  41.408,  23.453,-1329.642, 0.1667930, 0.7342663, 0.6448851,-0.1309820,0.3389151394367218,Enabled,  73.261,  91.304,-1295.603, 0.0181629, 0.0227959,-0.7299507, 0.6828781,0.21842855215072632,
G0 X64 Y640 Z640 A75 B-4 C0\n,4,40,40,75,-4,0,Enabled,  41.466,  23.409,-1329.754, 0.1661449, 0.7344708, 0.6446317,-0.1319034,0.34539803862571716,Enabled,  73.274,  91.279,-1295.594, 0.0181992, 0.0228002,-0.7298756, 0.6829572,0.21818584203720093,
G0 X64 Y640 Z640 A75 B-4 C0\n,4,40,40,75,-4,0,Enabled,  41.473,  23.433,-1329.711, 0.1665316, 0.7344659, 0.6446420,-0.1313922,0.33931922912597656,Enabled,  73.279,  91.276,-1295.613, 0.0180765, 0.0226954,-0.7298710, 0.6829689,0.2218286246061325,
G0 X64 Y640 Z640 A75 B-4 C0\n,4,40,40,75,-4,0,Enabled,  41.515,  23.397,-1329.783, 0.1654790, 0.7347587, 0.6443371,-0.1325746,0.3345443308353424,Enabled,  73.274,  91.290,-1295.608, 0.0181361, 0.0227142,-0.7299118, 0.6829231,0.2183304876089096,
G0 X64 Y640 Z640 A75 B-4 C0\n,4,40,40,75,-4,0,Enabled,  41.572,  23.418,-1329.869, 0.1679323, 0.7342529, 0.6447383,-0.1303225,0.34453603625297546,Enabled,  73.302,  91.318,-1295.617, 0.0180890, 0.0227377,-0.7299846, 0.6828457,0.2206135094165802,
G0 X64 Y640 Z640 A75 B-4 C0\n,4,40,40,75,-4,0,Enabled,  41.564,  23.417,-1329.897, 0.1671047, 0.7344759, 0.6445345,-0.1311354,0.3396787643432617,Enabled,  73.264,  91.311,-1295.617, 0.0181224, 0.0227313,-0.7299561, 0.6828755,0.21961314976215363,
G0 X64 Y640 Z640 A75 B-4 C0\n,4,40,40,75,-4,0,Enabled,  41.559,  23.391,-1329.943, 0.1673135, 0.7343970, 0.6445819,-0.1310778,0.3464191257953644,Enabled,  73.287,  91.306,-1295.621, 0.0181011, 0.0227563,-0.7299616, 0.6828693,0.21611888706684113,
G0 X64 Y640 Z640 A75 B-4 C0\n,4,40,40,75,-4,0,Enabled,  41.554,  23.409,-1329.857, 0.1680637, 0.7342170, 0.6448094,-0.1300033,0.33740660548210144,Enabled,  73.312,  91.285,-1295.615, 0.0180567, 0.0226425,-0.7298884, 0.6829525,0.2199545055627823,
G0 X64 Y640 Z640 A75 B-4 C0\n,4,40,40,75,-4,0,Enabled,  41.544,  23.375,-1329.934, 0.1680462, 0.7342407, 0.6447210,-0.1303302,0.3449617624282837,Enabled,  73.266,  91.315,-1295.620, 0.0181201, 0.0227432,-0.7299767, 0.6828532,0.21701176464557648,
G0 X64 Y640 Z640 A75 B-4 C0\n,4,40,40,75,-4,0,Enabled,  41.581,  23.363,-1329.948, 0.1679560, 0.7342696, 0.6446986,-0.1303948,0.3406020998954773,Enabled,  73.285,  91.281,-1295.618, 0.0181530, 0.0227385,-0.7298723, 0.6829640,0.2193228155374527,
G0 X64 Y640 Z640 A75 B-4 C0\n,4,40,40,75,-4,0,Enabled,  41.572,  23.350,-1329.967, 0.1671448, 0.7344512, 0.6445315,-0.1312368,0.34727391600608826,Enabled,  73.275,  91.293,-1295.606, 0.0181599, 0.0227533,-0.7299117, 0.6829211,0.22047540545463562,
G0 X64 Y640 Z640 A75 B-4 C0\n,4,40,40,75,-4,0,Enabled,  41.527,  23.393,-1329.879, 0.1684114, 0.7341330, 0.6448687,-0.1297331,0.3427004814147949,Enabled,  73.240,  91.310,-1295.597, 0.0182045, 0.0228230,-0.7299596, 0.6828665,0.22038885951042175,
